feature,coef,log10(q.val)
shRNA_ERBB2,0.405869291,10.94267394
shRNA_PIK3CA,0.302429641,4.493678939
shRNA_CDC37,0.257856892,2.451809321
shRNA_DARS2,-0.339633055,1.556431395
shRNA_BANF1,0.33684609,1.556431395
shRNA_AP3S1,0.259354697,1.405631328
shRNA_EIF4A2,0.224902689,1.405631328
shRNA_LMO7,-0.221549984,1.364953612
shRNA_TMEM55B,0.260320812,1.275537222
shRNA_PDILT,0.249347893,1.228277389
shRNA_RPS20,0.312253847,1.225691061
shRNA_SSX2IP,-0.302596108,1.108072804
shRNA_ERBB3,0.207678511,1.108072804
shRNA_POLA2,0.20785762,1.108072804
shRNA_RPA1,0.207843892,1.108072804
shRNA_ZFAND1,0.294725888,0.962371187
shRNA_MTSS1,-0.233572917,0.962371187
shRNA_KRT75,0.231736953,0.931570549
shRNA_TACC3,0.199270214,0.915059803
shRNA_GAK,0.19797998,0.915059803
shRNA_RPL19,-0.288700818,0.915059803
shRNA_LOXL1,-0.225714541,0.896902773
shRNA_SET,-0.196759956,0.896902773
shRNA_UTF1,0.227510733,0.896902773
shRNA_CDC16,0.293351079,0.896902773
shRNA_SFI1,-0.2917528,0.896902773
shRNA_NAA35,0.282430178,0.890976335
shRNA_TUSC3,-0.22436305,0.890976335
shRNA_CD99L2,0.280810181,0.868281578
shRNA_CCDC154,0.287204065,0.866135512
shRNA_HIST1H2BE,-0.239169724,0.866135512
shRNA_COX17,0.220302506,0.844907987
shRNA_ANAPC4,0.188819797,0.828247382
shRNA_RPS21,-0.199684751,0.828247382
shRNA_ZFP36,0.18799224,0.813994268
shRNA_VSIG10,0.186652213,0.782588258
shRNA_SERBP1,-0.278836738,0.759255433
shRNA_PRR14L,0.26956787,0.750456127
shRNA_NOS1,-0.184831571,0.750456127
shRNA_APOL1,0.269543914,0.750456127
shRNA_BRD9,0.193257482,0.732845801
shRNA_TUBAL3,0.267495949,0.732845801
shRNA_GORAB,-0.266892603,0.732845801
shRNA_TCL1B,-0.211445903,0.732845801
shRNA_TJP3,0.265767852,0.727301824
shRNA_FIBIN,-0.273175918,0.727301824
shRNA_ADAD2,0.209671681,0.720979859
shRNA_C20orf24,-0.264386445,0.720979859
shRNA_SHC1,0.180533162,0.720979859
shRNA_CWH43,0.263670689,0.717468822
shRNA_UTP14A,-0.262877925,0.716852261
shRNA_NIM1K,-0.178798696,0.716852261
shRNA_KCNA7,-0.179534214,0.716852261
shRNA_ARHGAP25,0.179617455,0.716852261
shRNA_CDC27,0.191084126,0.716852261
shRNA_FGF21,0.206828367,0.712909539
shRNA_PDE7B,0.177298893,0.70740591
shRNA_MAP4,0.259572338,0.70740591
shRNA_AHSP,0.259275158,0.70740591
shRNA_KCNK15,0.17761051,0.70740591
shRNA_TFB2M,0.205493285,0.70740591
shRNA_ATAD3B,-0.187613052,0.70740591
shRNA_CMPK1,0.204579463,0.703700134
shRNA_RANGAP1,0.175971729,0.695232333
shRNA_MUTYH,-0.175355726,0.690391387
shRNA_TMEM2,-0.256757439,0.688888376
shRNA_MKS1,0.255276357,0.663986502
shRNA_BMP2,0.173895388,0.658171188
shRNA_VN1R10P,-0.200842613,0.655888038
shRNA_PSG9,-0.183768207,0.655888038
shRNA_RPA2,0.173598527,0.655888038
shRNA_C7orf72,0.259026671,0.652364335
shRNA_AP1M2,0.252977003,0.652364335
shRNA_FGF5,0.200008817,0.652364335
shRNA_GTF2B,-0.172420047,0.652364335
shRNA_LHX5,-0.17224348,0.652364335
shRNA_ZC4H2,0.251829563,0.651959129
shRNA_VPS28,0.171493436,0.650832549
shRNA_PCDHB9,-0.198942257,0.650832549
shRNA_SPAG16,0.181154636,0.649223865
shRNA_DLG3,0.249970707,0.637538024
shRNA_MRPL32,0.249821803,0.637538024
shRNA_RASA4B,-0.168611573,0.63590555
shRNA_ANKRD19P,-0.248272095,0.63590555
shRNA_SPIN4,-0.246558797,0.63590555
shRNA_LCA5,0.246686456,0.63590555
shRNA_OR1S2,-0.196871208,0.63590555
shRNA_NUP205,0.194974052,0.63590555
shRNA_CABIN1,0.247664917,0.63590555
shRNA_CNPPD1,0.246741069,0.63590555
shRNA_LHFPL3,-0.247581163,0.63590555
shRNA_MIR200A,0.201303806,0.63590555
shRNA_PRIM2,0.168825056,0.63590555
shRNA_RCC2,0.247678653,0.63590555
shRNA_SAG,0.195238501,0.63590555
shRNA_NUF2,0.248333266,0.63590555
shRNA_RHOBTB3,-0.167787358,0.623291536
shRNA_KIF18B,-0.199695345,0.622458489
shRNA_DMAC2,0.245057638,0.622458489
shRNA_CBLB,0.167260479,0.622458489
shRNA_RNASEK.C17orf49.C17orf49,0.244453262,0.61835414
shRNA_TIFA,-0.244256764,0.61835414
shRNA_SCGB1D2,0.243965883,0.616703818
shRNA_ARID3B,0.175820066,0.614245958
shRNA_TMEM225,0.243226867,0.614245958
shRNA_RTCB,0.192558788,0.614245958
shRNA_TMEM71,-0.194949679,0.613441261
shRNA_GDNF,0.192117671,0.613441261
shRNA_MSRB2,0.191443065,0.609682772
shRNA_PCBP2,-0.190981864,0.609682772
shRNA_SYNJ2BP,-0.242344857,0.609682772
shRNA_LTB4R2,-0.175604248,0.609682772
shRNA_RPN2,-0.241646109,0.609682772
shRNA_ZNF175,0.191298717,0.609682772
shRNA_CENPI,0.241044141,0.605811245
shRNA_PCIF1,0.240831334,0.605319171
shRNA_SGO1,0.188565871,0.593342799
shRNA_KDM1A,0.162114004,0.593342799
shRNA_IK,0.162745628,0.593342799
shRNA_ARHGAP5,0.163598922,0.593342799
shRNA_MAD2L1,-0.163524634,0.593342799
shRNA_MAL,0.238798504,0.593342799
shRNA_NRARP,0.23942868,0.593342799
shRNA_MSX2,0.163158239,0.593342799
shRNA_ZNF107,-0.18862242,0.593342799
shRNA_RIMKLB,-0.239337084,0.593342799
shRNA_TERC,-0.194575705,0.593342799
shRNA_IQGAP1,0.162717933,0.593342799
shRNA_LPXN,-0.18816363,0.593342799
shRNA_SYT12,-0.187897311,0.59012922
shRNA_LOC102724652.CRYAA,-0.187744611,0.589695601
shRNA_LOC105370099,0.172461659,0.589201446
shRNA_ANO6,-0.236624014,0.589201446
shRNA_ITGA3,0.161326652,0.589201446
shRNA_METTL3,0.161285835,0.589201446
shRNA_TTC1,-0.193368669,0.589201446
shRNA_TRA2B,0.161074086,0.586387463
shRNA_ADCY7,-0.160933369,0.586062703
shRNA_KCTD19,-0.192296015,0.586062703
shRNA_GJB3,0.160951627,0.586062703
shRNA_SHOX,-0.186222373,0.586062703
shRNA_ZNF804A,-0.235426682,0.586062703
shRNA_PLEKHH2,0.170685502,0.584643499
shRNA_FAM3C,-0.185475247,0.581428337
shRNA_ARHGAP27P1.BPTFP1.KPNA2P3,-0.186966448,0.581428337
shRNA_CYP21A2,-0.159749695,0.581428337
shRNA_PRIM1,0.17053071,0.581428337
shRNA_GFM1,-0.234394601,0.581428337
shRNA_IL1R2,0.159600966,0.581339537
shRNA_BUB1,0.159302165,0.575866146
shRNA_ZNF827,0.233117047,0.570496985
shRNA_EVC,0.169146452,0.570496985
shRNA_LINC00303,0.238065279,0.55338988
shRNA_ARHGDIG,-0.183097705,0.55338988
shRNA_CPSF3,0.183028244,0.55338988
shRNA_DYNLRB1,0.231681122,0.55338988
shRNA_FGF16,0.183022254,0.55338988
shRNA_LIX1L,-0.231018765,0.547413552
shRNA_NCOR2,0.157306481,0.545576408
shRNA_SNX8,-0.229827971,0.543824499
shRNA_NARS,0.181662984,0.543824499
shRNA_THEG,0.23004918,0.543824499
shRNA_MS4A4A,-0.181707721,0.543824499
shRNA_IQCC,0.22990135,0.543824499
shRNA_SFTPD,0.15684064,0.543824499
shRNA_KCNH7,-0.15656618,0.543824499
shRNA_SSU72,0.229237914,0.537434607
shRNA_RPL21P28.RPL21,-0.22856324,0.533608685
shRNA_DAPK3,0.15614415,0.533608685
shRNA_ZBTB1,-0.155969242,0.533608685
shRNA_PPP1R12C,0.180554546,0.533608685
shRNA_ZNF484,-0.18062406,0.533608685
shRNA_CPZ,0.180496088,0.533608685
shRNA_SPOP,0.163882567,0.531583003
shRNA_BDP1,-0.155229086,0.530014987
shRNA_LOC100996335.LINC01663.FAM230B,-0.233253002,0.525215604
shRNA_LBX1,-0.154435283,0.525215604
shRNA_PLEKHA7,-0.226851007,0.525215604
shRNA_CSHL1,-0.154443832,0.525215604
shRNA_MON1B,-0.178728243,0.525215604
shRNA_GCSAM,-0.226072706,0.525215604
shRNA_LDHB,-0.15441969,0.525215604
shRNA_MYBL2,0.154272274,0.525215604
shRNA_RPS3,-0.178946202,0.525215604
shRNA_MALL,-0.232297339,0.525215604
shRNA_KIF18A,0.163717802,0.525215604
shRNA_TSPAN10,-0.226870115,0.525215604
shRNA_FAM83B,-0.225494809,0.519120851
shRNA_RASL12,0.15394089,0.519120851
shRNA_CNTN5,-0.178092104,0.519120851
shRNA_RABEPK,-0.161756628,0.517324031
shRNA_CREBBP,0.15328355,0.517324031
shRNA_LSM12,0.224514292,0.51446814
shRNA_KCTD18,-0.16247793,0.51446814
shRNA_PTPDC1,-0.153262918,0.51446814
shRNA_HMGXB3,0.229750044,0.51446814
shRNA_EFEMP2,0.17732261,0.51446814
shRNA_ZCCHC13,0.17717316,0.51446814
shRNA_MNAT1,-0.152281167,0.51446814
shRNA_SRRT,0.177361644,0.51446814
shRNA_RAB4B,-0.152475508,0.51446814
shRNA_WDR12,-0.161254478,0.51446814
shRNA_TGFA,-0.17672092,0.51446814
shRNA_LOC107983965,0.222889425,0.512075581
shRNA_CTDNEP1,0.175823959,0.512075581
shRNA_ALPP,0.151208162,0.512075581
shRNA_HNRNPK,0.175466536,0.512075581
shRNA_PATE4,0.229306845,0.512075581
shRNA_PAFAH1B1,0.151316497,0.512075581
shRNA_SOHLH2,-0.151682838,0.512075581
shRNA_TRMT61B,0.222201107,0.512075581
shRNA_KMT2C,0.151733348,0.512075581
shRNA_MAGED4.MAGED4B,0.151186899,0.512075581
shRNA_SH3TC2,-0.151620666,0.512075581
shRNA_RIOK3,0.151345886,0.512075581
shRNA_CD5,-0.175440147,0.512075581
shRNA_PCOLCE2,-0.160803456,0.510538028
shRNA_WFDC8,0.175090656,0.508944738
shRNA_SPECC1L.ADORA2A,0.148219075,0.507599745
shRNA_MAEA,0.158374472,0.507599745
shRNA_SEPT9,-0.160141836,0.507599745
shRNA_MMP24,-0.174689212,0.507599745
shRNA_CHRNA3,-0.148999005,0.507599745
shRNA_FCRL1,-0.173830574,0.507599745
shRNA_CYP2R1,-0.148952189,0.507599745
shRNA_CSTF2,0.157993086,0.507599745
shRNA_TIGD2,0.217394375,0.507599745
shRNA_ANO5,-0.21959867,0.507599745
shRNA_SLC9A8,-0.150464341,0.507599745
shRNA_ARMC8,-0.158671196,0.507599745
shRNA_TOR2A,-0.225752675,0.507599745
shRNA_GOLGA8IP,-0.220506842,0.507599745
shRNA_SPINK14,-0.220262812,0.507599745
shRNA_MIPEP,0.148249181,0.507599745
shRNA_NTRK1,0.149546016,0.507599745
shRNA_HAO2,-0.174644236,0.507599745
shRNA_RSF1,0.156826569,0.507599745
shRNA_SAMD9,0.217568078,0.507599745
shRNA_TRPM7,0.149221017,0.507599745
shRNA_ZNF770,-0.217452971,0.507599745
shRNA_GSDMB,-0.21749324,0.507599745
shRNA_PSMA2,0.174493537,0.507599745
shRNA_DUSP22,0.149950105,0.507599745
shRNA_HMCES,0.218931667,0.507599745
shRNA_TWF1,-0.148669547,0.507599745
shRNA_RNASE4,-0.174276425,0.507599745
shRNA_RPA3,0.149307047,0.507599745
shRNA_THPO,-0.172787174,0.507599745
shRNA_YWHAE,-0.150193923,0.507599745
shRNA_MCTP1,0.174454788,0.507599745
shRNA_SLTM,0.159020236,0.507599745
shRNA_RASSF7,0.172332186,0.507599745
shRNA_MCEE,0.173484222,0.507599745
shRNA_MPND,0.217371775,0.507599745
shRNA_PEX3,-0.173926667,0.507599745
shRNA_BAGE2,-0.158373698,0.507599745
shRNA_TMEM44,-0.158720777,0.507599745
shRNA_NDST3,-0.149394796,0.507599745
shRNA_PCLAF,0.220511105,0.507599745
shRNA_TMEM207,-0.15742895,0.507294742
shRNA_MPV17L,0.217078597,0.507294742
shRNA_PLA2G4A,0.171644982,0.507294742
shRNA_DPY19L3,0.155838831,0.506378215
shRNA_TIMMDC1,0.216675716,0.504958037
shRNA_EIF1AD,-0.216711011,0.504958037
shRNA_RER1,0.156903098,0.504276716
shRNA_CLTC,0.147308657,0.504276716
shRNA_GRK6,0.147231878,0.504276716
shRNA_MFNG,-0.147242917,0.504276716
shRNA_CCDC73,-0.216187915,0.504276716
shRNA_IL36A,-0.170615561,0.501257945
shRNA_FAH,0.170020516,0.497357649
shRNA_AAR2,-0.215526839,0.497357649
shRNA_KRTAP23.1,0.170190253,0.497357649
shRNA_UVSSA,-0.175374291,0.497357649
shRNA_ACSS1,0.170082896,0.497357649
shRNA_PIGM,-0.215414652,0.497357649
shRNA_ANXA7,-0.169524256,0.494505099
shRNA_ATP5C1,-0.171403618,0.494505099
shRNA_FBXW7,0.146145073,0.494505099
shRNA_DNAH7,-0.220734604,0.494505099
shRNA_MMP27,-0.146064466,0.494505099
shRNA_C8B,-0.169494931,0.494505099
shRNA_LOC101928879,-0.170949663,0.493534674
shRNA_PCGF6,0.145892254,0.493099228
shRNA_RBBP4,0.145771912,0.491503488
shRNA_BCL7B,0.169073217,0.491496226
shRNA_E2F2,0.145607924,0.490840411
shRNA_ZBTB44,-0.154975042,0.490840411
shRNA_HMGN3,0.145476604,0.489896346
shRNA_CANT1,-0.145322083,0.487482204
shRNA_CCBE1,-0.145267576,0.487482204
shRNA_HECW1,-0.145182832,0.486909034
shRNA_PRKAR1A,-0.144932273,0.486909034
shRNA_MIS18BP1,0.16822446,0.484474501
shRNA_ARPC1B,0.144844996,0.482496926
shRNA_ALG5,-0.144517747,0.480625928
shRNA_ABHD4,-0.167840855,0.480326544
shRNA_MYADML2,0.217950573,0.479565676
shRNA_ZNF575,0.167610213,0.479565676
shRNA_KCMF1,0.167612063,0.479565676
shRNA_FLYWCH1,-0.212151813,0.479565676
shRNA_CCR6,0.144731479,0.479531189
shRNA_NT5C,-0.167356105,0.479250125
shRNA_GALR3,0.153530658,0.479250125
shRNA_ZNF45,-0.167170455,0.476944586
shRNA_ANKRD28,0.153117002,0.475598934
shRNA_LAMP5,-0.151680755,0.475598934
shRNA_ABHD13,-0.143903667,0.475598934
shRNA_ELMO1,0.167031096,0.475598934
shRNA_TSPAN33,-0.210871478,0.470964255
shRNA_SLC38A9,0.210733286,0.470010012
shRNA_FAXC,0.210659101,0.470010012
shRNA_TRDN,0.210406365,0.468332166
shRNA_ANAPC5,0.143265229,0.468332166
shRNA_ST6GALNAC1,-0.16591243,0.46686015
shRNA_SFTPA1,-0.142875171,0.46686015
shRNA_SRPRA,0.142805043,0.46686015
shRNA_FAM157A,0.215629392,0.46686015
shRNA_NAA40,-0.152170631,0.46686015
shRNA_SYMPK,0.151235582,0.46686015
shRNA_CCNC,-0.142948149,0.46686015
shRNA_OMA1,-0.151969032,0.466643488
shRNA_RYR1,-0.142531868,0.462607821
shRNA_HIST4H4,-0.165150495,0.458923581
shRNA_CTSO,-0.165075461,0.458923581
shRNA_SIX6,-0.142228823,0.458923581
shRNA_USP46,0.14215711,0.458432676
shRNA_EDA,-0.142231719,0.454405347
shRNA_LSM3,0.164620383,0.454405347
shRNA_USP4,0.141889471,0.454405347
shRNA_UPK3B,-0.150163463,0.451817407
shRNA_OR11H6,-0.169582161,0.451817407
shRNA_NDUFS7,0.141578035,0.451817407
shRNA_BIRC6,0.141685853,0.451817407
shRNA_CHD8,0.141514693,0.451817407
shRNA_C21orf62.AS1,0.207646091,0.450993993
shRNA_HEATR1,-0.207665016,0.450993993
shRNA_CAND1,0.142527426,0.450993993
shRNA_KLHL9,-0.14127083,0.450993993
shRNA_SYT1,0.163856248,0.450993993
shRNA_CASTOR2,0.207367417,0.450993993
shRNA_DERL2,0.207261204,0.450420502
shRNA_SDHA,0.14101655,0.450325748
shRNA_KIR2DS2,-0.141204212,0.448780373
shRNA_STK3,0.140805071,0.448780373
shRNA_ZDHHC14,0.206930133,0.448780373
shRNA_KIF13A,0.149773289,0.448685458
shRNA_TIMELESS,0.206654124,0.448685458
shRNA_LZTS3,0.206673926,0.448685458
shRNA_MIA2,-0.163036915,0.447040792
shRNA_DPF1,0.140488207,0.447040792
shRNA_LOC101060399.CDR2,0.206338415,0.446938065
shRNA_CDH8,-0.162628268,0.444401242
shRNA_TREX2,0.141554106,0.444401242
shRNA_KCTD16,0.149199116,0.444401242
shRNA_PARP8,-0.14020225,0.444401242
shRNA_IAPP,-0.205624796,0.443165618
shRNA_NT5DC3,-0.211409019,0.443165618
shRNA_GTF2IRD1P1,0.163948837,0.443165618
shRNA_LINC00472,-0.205509502,0.442386696
shRNA_PRAM1,0.211035614,0.440736658
shRNA_CHAF1B,0.139659772,0.439685364
shRNA_EMC3.AS1,0.161939214,0.437965275
shRNA_WFDC6,0.161707657,0.434395802
shRNA_MCEMP1,0.204678618,0.434395802
shRNA_ZNF727,0.149375077,0.434395802
shRNA_SLC4A2,0.161594506,0.434395802
shRNA_CETN2,-0.139138977,0.433833937
shRNA_AKAP14,0.161112404,0.427282984
shRNA_UGT1A7,0.160980499,0.426794594
shRNA_OLFML3,-0.209508333,0.426794594
shRNA_ZSCAN10,0.160681716,0.42155853
shRNA_IDH3G,-0.138766934,0.421004965
shRNA_CPS1,-0.137731484,0.409452001
shRNA_IFNAR2,0.159865887,0.409452001
shRNA_SPC25,0.208161986,0.409452001
shRNA_KATNBL1,0.202487845,0.409452001
shRNA_KRTAP10.6,-0.1597462,0.408510811
shRNA_EFCC1,0.207654255,0.405602833
shRNA_C9orf66,0.20746429,0.40478901
shRNA_MCL1,0.137087224,0.40478901
shRNA_DDX49,0.137264185,0.40478901
shRNA_UBXN8,-0.159329724,0.40478901
shRNA_MGAT4C,0.137210422,0.404597295
shRNA_CCT2,-0.137087189,0.404339415
shRNA_COX14,0.201515902,0.404339415
shRNA_CXorf40A,0.201439908,0.404339415
shRNA_MBLAC2,0.200958438,0.400669226
shRNA_LINC00304,-0.206572456,0.400669226
shRNA_CCL4,-0.136734605,0.400669226
shRNA_OSGIN2,0.201075365,0.400669226
shRNA_KLF5,0.136682006,0.400566937
shRNA_BACE2,-0.158547669,0.399921222
shRNA_COL7A1,-0.136355562,0.399160894
shRNA_ARL5B,-0.136751923,0.399160894
shRNA_GGA1,0.136269959,0.399160894
shRNA_NCL,-0.136362644,0.399160894
shRNA_CYB5B,-0.159884882,0.399160894
shRNA_PDLIM2,0.200331414,0.398888652
shRNA_OR6K6,-0.157718329,0.396976988
shRNA_ITPRIPL1,0.199929661,0.396976988
shRNA_C10orf111,0.199433815,0.396976988
shRNA_NDST1,0.136057499,0.396976988
shRNA_OR2AT4,0.136470426,0.396976988
shRNA_PRICKLE3,0.200091771,0.396976988
shRNA_RNASE13,-0.593536031,0.396976988
shRNA_NRL,0.135779733,0.396976988
shRNA_ARHGEF4,0.135656734,0.396976988
shRNA_PRRG2,-0.157438652,0.396976988
shRNA_FABP9,-0.162731223,0.396976988
shRNA_SMARCD1,0.14390618,0.396976988
shRNA_DDX21,-0.135851094,0.396976988
shRNA_FNDC4,-0.143024541,0.396258581
shRNA_PRELID3A,-0.199122407,0.395654645
shRNA_IARS2,0.135474152,0.395654645
shRNA_ZNF8.ERVK3.1,-0.156791467,0.387840603
shRNA_IL4R,-0.156754538,0.387840603
shRNA_PMF1.BGLAP,0.135348042,0.386844667
shRNA_TRIM56,0.13489636,0.385937259
shRNA_LRRC3B,0.143979086,0.384822183
shRNA_ORC6,0.143329011,0.382003417
shRNA_KMT5A,0.142434199,0.382003417
shRNA_TMEM233,0.203282035,0.381723415
shRNA_TNRC6B,-0.197081282,0.37908144
shRNA_MDS2,-0.160788323,0.37908144
shRNA_HOXA13,0.134380685,0.37908144
shRNA_FKBP7,-0.134476451,0.37908144
shRNA_WDR5B,0.141659799,0.37908144
shRNA_HES2,0.156571463,0.37908144
shRNA_RANBP17,0.160572316,0.37908144
shRNA_UBL4A,0.134179805,0.37908144
shRNA_AURKB,0.133978926,0.37908144
shRNA_NCKAP1,0.142638133,0.37776086
shRNA_PHEX,0.155378702,0.376432004
shRNA_YME1L1,0.133937623,0.37490576
shRNA_CSTF2T,0.142206538,0.37490576
shRNA_HERC4,-0.133736634,0.37490576
shRNA_TMED10P1,-0.160029038,0.37490576
shRNA_KIR3DL1,0.133944807,0.37490576
shRNA_PTPRG,0.133512478,0.37490576
shRNA_CLPTM1L,0.141033191,0.37490576
shRNA_QKI,-0.155013396,0.37490576
shRNA_NR0B1,-0.133292512,0.371426587
shRNA_SNRNP35,-0.141814241,0.370024257
shRNA_CFAP46,0.195720932,0.369463014
shRNA_UHRF1BP1L,-0.195566286,0.367890545
shRNA_SYNDIG1,0.195411557,0.366316304
shRNA_URGCP,-0.195347153,0.366225956
shRNA_ZNF470,0.195177786,0.36440953
shRNA_NAA15,-0.132648894,0.362822409
shRNA_FBLN5,0.153623076,0.361662915
shRNA_KLHL29,0.158693319,0.361662915
shRNA_ZCWPW2,0.157252418,0.361662915
shRNA_AAK1,0.132166095,0.361662915
shRNA_SPEN,-0.132255434,0.361662915
shRNA_GDI2,0.153563598,0.361662915
shRNA_SCHIP1,-0.153400162,0.361662915
shRNA_LIN7B,0.140948031,0.361662915
shRNA_TECTB,0.194494607,0.361662915
shRNA_TUBG1,0.153429323,0.361662915
shRNA_ERI1,-0.132547938,0.361662915
shRNA_SLC16A8,-0.153299027,0.360658559
shRNA_NUP88,0.194136766,0.360658559
shRNA_DZIP1L,-0.193968169,0.358838771
shRNA_FERMT2,-0.139272891,0.358295208
shRNA_TMC2,0.152783145,0.358295208
shRNA_OR4D2,0.198854537,0.358295208
shRNA_DUSP7,-0.131640649,0.358295208
shRNA_GLIPR1L1,0.152648959,0.358295208
shRNA_POMC,0.153024637,0.358295208
shRNA_PTN,-0.131595794,0.358295208
shRNA_RASGRF2,0.131709699,0.358295208
shRNA_ZNF106,0.131550464,0.358295208
shRNA_KDM6A,0.131712479,0.358295208
shRNA_SLC46A3,-0.139889516,0.356160003
shRNA_CHUK,-0.131273074,0.354715995
shRNA_SIRPD,-0.131092409,0.354715995
shRNA_DUSP15,-0.131232884,0.354715995
shRNA_IL4I1,0.152168872,0.354715995
shRNA_PLPPR2,0.152183083,0.354715995
shRNA_TUFT1,-0.152214669,0.354715995
shRNA_PROX1,0.131033324,0.354219682
shRNA_PRAMEF27.LOC101930169,-0.78332329,0.354173941
shRNA_METAP2,-0.131211735,0.354173941
shRNA_CNGA4,0.139786599,0.354173941
shRNA_ARL8A,0.130957416,0.354173941
shRNA_DAB2,0.139240696,0.354173941
shRNA_CNPY4,-0.139233708,0.354173941
shRNA_ATP4A,0.130864853,0.354173941
shRNA_RPL7,-0.130665818,0.352680229
shRNA_RAD54L,0.130615276,0.352372556
shRNA_CIB4,0.151410185,0.351669429
shRNA_GPX2,-0.151403911,0.351669429
shRNA_TMEM52,-0.153771849,0.351669429
shRNA_PFKFB1,0.130502542,0.351669429
shRNA_COX15,0.151151288,0.349916286
shRNA_ZNF350,-0.130313139,0.349916286
shRNA_RPS27A,-0.130035089,0.349916286
shRNA_RASSF2,-0.151154684,0.349916286
shRNA_ANKRD62P1.PARP4P3,0.156007291,0.349657563
shRNA_PF4V1,0.191404656,0.349657563
shRNA_TMEM254,-0.138447223,0.349657563
shRNA_FBN3,-0.150920403,0.349657563
shRNA_RAB3D,0.130079514,0.349657563
shRNA_TRAPPC13,0.191105525,0.34908485
shRNA_VPS4B,0.129884059,0.348223783
shRNA_PRSS16,0.150621934,0.347732589
shRNA_OR2T27,0.130111188,0.347732589
shRNA_PLEC,0.150665026,0.347732589
shRNA_GH2,0.129714265,0.347656283
shRNA_FLT4,0.130023674,0.347387493
shRNA_KPTN,-0.195610661,0.346304739
shRNA_DNAH9,-0.195256186,0.346304739
shRNA_JAG1,-0.129487093,0.346304739
shRNA_PLD5,-0.149952198,0.346304739
shRNA_TAS2R39,-0.150049609,0.346304739
shRNA_SCAI,-0.189936879,0.346304739
shRNA_TAS2R14,-0.150202022,0.346304739
shRNA_GOLGA6D,0.190158927,0.346304739
shRNA_EFCAB1,-0.150136451,0.346304739
shRNA_FBXO31,0.19025486,0.346304739
shRNA_PLEKHA8,-0.190369819,0.346304739
shRNA_OTULIN,0.190032509,0.346304739
shRNA_RHBDL1,0.150273343,0.346304739
shRNA_HMGA2,-0.129056362,0.344839166
shRNA_S100A9,-0.129357735,0.344405464
shRNA_FARSB,0.148880599,0.34434452
shRNA_LOC101060521.POLR3E,0.148821748,0.34434452
shRNA_MPHOSPH6,-0.188684783,0.34434452
shRNA_NDC80,0.187646457,0.34434452
shRNA_TCFL5,-0.127292515,0.34434452
shRNA_KIF1C,-0.126643523,0.34434452
shRNA_ERV3.1.ZNF117.ZNF117,-0.127432233,0.34434452
shRNA_MSI2,-0.128661421,0.34434452
shRNA_SPC24,0.193484518,0.34434452
shRNA_GRK2,0.128866049,0.34434452
shRNA_DMPK,0.128627635,0.34434452
shRNA_AGXT,0.127880875,0.34434452
shRNA_LDHD,0.148291566,0.34434452
shRNA_FANCC,0.127009735,0.34434452
shRNA_OR5R1,0.149760608,0.34434452
shRNA_RRP12,-0.187176386,0.34434452
shRNA_ST6GALNAC3,0.148724039,0.34434452
shRNA_GABRG1,-0.127953047,0.34434452
shRNA_ZNF473,0.147312866,0.34434452
shRNA_FBXO2,-0.147928899,0.34434452
shRNA_LAMP3,0.13584675,0.34434452
shRNA_DNTTIP2,0.148861364,0.34434452
shRNA_PRMT1,-0.128309024,0.34434452
shRNA_SLC35D3,0.186817715,0.34434452
shRNA_MNDA,-0.148807885,0.34434452
shRNA_MTNR1B,-0.1281951,0.34434452
shRNA_PCSK2,0.148964165,0.34434452
shRNA_PFN2,-0.147106489,0.34434452
shRNA_SLC25A3,0.147315595,0.34434452
shRNA_PHF2,0.12674462,0.34434452
shRNA_POLR2A,0.128076604,0.34434452
shRNA_NLGN3,-0.127516165,0.34434452
shRNA_FBLIM1,-0.188148131,0.34434452
shRNA_ZWILCH,-0.147118829,0.34434452
shRNA_DET1,-0.152138098,0.34434452
shRNA_WDR33,0.127985595,0.34434452
shRNA_PCDHB10,0.148346155,0.34434452
shRNA_ERGIC1,-0.148406255,0.34434452
shRNA_TAS2R38,0.14733458,0.34434452
shRNA_BAG1,0.128421796,0.34434452
shRNA_UGT2A2,-0.148605629,0.34434452
shRNA_CPNE5,0.18858936,0.34434452
shRNA_PXMP2,-0.188117138,0.34434452
shRNA_PZP,-0.148203742,0.34434452
shRNA_RPS16,-0.128524392,0.34434452
shRNA_SEMG1,0.186557078,0.34434452
shRNA_CENPK,0.193184802,0.34434452
shRNA_SH3GL3,-0.188274532,0.34434452
shRNA_C6orf106,0.187813377,0.34434452
shRNA_MRPL1,0.186837943,0.34434452
shRNA_SLC9A1,0.127095689,0.34434452
shRNA_TAC1,0.186539797,0.34434452
shRNA_TACR2,-0.127879919,0.34434452
shRNA_THOP1,0.223218723,0.34434452
shRNA_TLR2,0.148639471,0.34434452
shRNA_UROD,0.148255703,0.34434452
shRNA_VDR,-0.126952219,0.34434452
shRNA_MPPED1,0.127128742,0.34434452
shRNA_EPM2A,0.127368917,0.34434452
shRNA_CORO7,0.151709596,0.34434452
shRNA_MORC4,-0.18855088,0.34434452
shRNA_AKNA,-0.126968502,0.34434452
shRNA_PRR3,-0.188541221,0.34434452
shRNA_HIST1H4C,0.148977242,0.34434452
shRNA_HSDL1,-0.126772609,0.34434452
shRNA_LRRIQ1,-0.192242197,0.34434452
shRNA_PAGE4,-0.13630105,0.34434452
shRNA_IPO13,0.193636139,0.34434452
shRNA_KRTAP4.7.LOC100996750,0.186290747,0.343484057
shRNA_CHKB,-0.126590021,0.343484057
shRNA_LATS2,0.126948192,0.343484057
shRNA_ASNSP1,0.150260417,0.343484057
shRNA_PLK1,0.126322655,0.343484057
shRNA_SPATA31A1,0.186105229,0.343484057
shRNA_DDX42,0.1264618,0.343424892
shRNA_CTNNBL1,-0.126764445,0.343176535
shRNA_MAP4K3,-0.126388163,0.343176535
shRNA_MYO1B,-0.146575521,0.341058417
shRNA_ARPC5,0.14641108,0.340215298
shRNA_POLQ,-0.125856364,0.340215298
shRNA_CAVIN3,0.125715339,0.340215298
shRNA_C1QTNF6,0.134149168,0.340215298
shRNA_SESN3,0.184989684,0.340215298
shRNA_PPP1R32,0.185415607,0.340215298
shRNA_HEBP2,0.184817454,0.340215298
shRNA_GRM3,-0.126002537,0.340215298
shRNA_HDC,0.145766918,0.340215298
shRNA_HSPA7,0.190074156,0.340215298
shRNA_MITF,-0.125664928,0.340215298
shRNA_ATM,0.125404267,0.340215298
shRNA_DUSP13,0.126164233,0.340215298
shRNA_NDFIP2,0.13330779,0.340215298
shRNA_SLFN12,0.184730871,0.340215298
shRNA_XKR8,0.184812633,0.340215298
shRNA_MAP7D1,0.146140758,0.340215298
shRNA_KIF15,0.125966086,0.340215298
shRNA_RFX5,-0.125548825,0.340215298
shRNA_PPIAL4G,-0.146254957,0.340215298
shRNA_UFD1,0.125942388,0.340215298
shRNA_PPM1F,-0.145829059,0.340215298
shRNA_CYP2F1,-0.125748052,0.33895284
shRNA_PGA5,0.145587069,0.33895284
shRNA_RPL3L,-0.184483654,0.33895284
shRNA_FAM81A,-0.184230463,0.338178875
shRNA_PPAT,0.125274521,0.338178875
shRNA_RPS18P9,-0.125389864,0.338178875
shRNA_GAREM1,0.184327703,0.338178875
shRNA_C9,0.145414935,0.338178875
shRNA_DSTN,0.184007563,0.338014885
shRNA_CPNE2,0.145147537,0.338014885
shRNA_ABL1,0.125043034,0.338014885
shRNA_FXYD2,-0.145267245,0.338014885
shRNA_NREP,0.184113048,0.338014885
shRNA_GOSR2,0.145174693,0.338014885
shRNA_LYPLA2,0.145089026,0.337631156
shRNA_SERPINF1,-0.125126236,0.337631156
shRNA_SENP3.EIF4A1,0.124857976,0.337463034
shRNA_ARF3,0.124878834,0.337463034
shRNA_RPLP2,-0.183729038,0.337463034
shRNA_CIART,-0.183461283,0.336626
shRNA_UBXN4,-0.124702916,0.336626
shRNA_TAF1D,0.183532224,0.336626
shRNA_KIAA2013,0.183515648,0.336626
shRNA_LINC01205,0.132266589,0.336350599
shRNA_NKX2.1,-0.124602656,0.336350599
shRNA_ATP2C2,0.136605545,0.336350599
shRNA_RANBP10,0.147896179,0.335545344
shRNA_NRIP3,0.144507319,0.335217501
shRNA_SPATA16,0.183104782,0.335217501
shRNA_ARC,0.183036815,0.334971045
shRNA_FOXA1,0.124366187,0.334971045
shRNA_GCM1,-0.124383215,0.334971045
shRNA_CMC1,-0.187850421,0.334899395
shRNA_KIAA1024,0.182743735,0.334899395
shRNA_C19orf68,-0.185435399,0.334899395
shRNA_HOOK1,-0.182732522,0.334899395
shRNA_NSG2,0.182696364,0.334899395
shRNA_PINX1,-0.182663709,0.334899395
shRNA_ANKRD20A4,0.131895398,0.334899395
shRNA_PAK4,-0.124043042,0.334630391
shRNA_SPAG5,0.182334669,0.334630391
shRNA_CNMD,-0.182306635,0.334630391
shRNA_GP5,-0.131947674,0.334630391
shRNA_SPATA21,0.143983084,0.334630391
shRNA_FAM178B,0.187550809,0.334630391
shRNA_C11orf24,0.124231374,0.334630391
shRNA_GPAA1,-0.148787433,0.334630391
shRNA_ABCG1,0.132017121,0.334630391
shRNA_STOML1,-0.182116468,0.333586486
shRNA_CUL7,-0.143718915,0.333586486
shRNA_NT5C3B,0.182068204,0.333481385
shRNA_LPAR1,-0.124034925,0.332979327
shRNA_CDKN2AIP,-0.181952935,0.332979327
shRNA_CAPN1,-0.123613573,0.332247185
shRNA_LBH,0.143367111,0.330171073
shRNA_COX20,-0.147497837,0.329869567
shRNA_DHX9,0.123344163,0.329869567
shRNA_ANKLE2,0.14642318,0.329869567
shRNA_TNFRSF21,0.123248337,0.329869567
shRNA_GRK6P1,-0.130404322,0.329869567
shRNA_ITGB1,0.123350087,0.329869567
shRNA_PSMB3,-0.143270752,0.329869567
shRNA_NOL6,-0.181359441,0.329869567
shRNA_RNF39,-0.143222278,0.329869567
shRNA_LINC00663,0.186290662,0.329599347
shRNA_ATP23,0.18113921,0.328656453
shRNA_TROAP,0.142707496,0.327472737
shRNA_TFG,0.122930044,0.327472737
shRNA_LOC107985117,-0.123107943,0.327472737
shRNA_CALR3,0.14252605,0.327472737
shRNA_LSMEM2,0.18540326,0.327472737
shRNA_PASD1,0.142333024,0.327472737
shRNA_AWAT2,0.142556667,0.327472737
shRNA_BIRC2,0.122720546,0.327472737
shRNA_MUSK,-0.122847366,0.327472737
shRNA_PCSK4,0.142388173,0.327472737
shRNA_RPL22,0.123094308,0.327472737
shRNA_SORL1,0.122705218,0.327472737
shRNA_TMEM242,-0.180481229,0.327472737
shRNA_BEND5,0.180474439,0.327472737
shRNA_EIF1AY,0.180415663,0.327472737
shRNA_DCAF1,0.130109634,0.327472737
shRNA_DENND4B,0.185417872,0.327472737
shRNA_MYADML,-0.180213856,0.327049595
shRNA_ROR2,0.122684475,0.327049595
shRNA_RBM15,0.122850525,0.327049595
shRNA_SNCAIP,-0.180190239,0.327049595
shRNA_C12orf45,-0.179799594,0.326111045
shRNA_CLVS2,-0.130061946,0.326111045
shRNA_ASB10,0.1303245,0.326111045
shRNA_HIGD2A,-0.14651719,0.326111045
shRNA_AMFR,-0.122155242,0.326111045
shRNA_TMEM121B,-0.184858824,0.326111045
shRNA_AUP1,0.14201632,0.326111045
shRNA_KIRREL1,0.130123971,0.326111045
shRNA_PBOV1,-0.179820092,0.326111045
shRNA_ZNF133,0.141815295,0.326111045
shRNA_ZNF684,-0.141470138,0.325770651
shRNA_EMP3,-0.141651927,0.325770651
shRNA_SLC4A1AP,0.141457953,0.325770651
shRNA_ZNF181,-0.179346838,0.325770651
shRNA_NANOGNB,0.141610584,0.325770651
shRNA_LIFR,0.121843399,0.325770651
shRNA_ZDHHC9,0.179309938,0.325770651
shRNA_DDX27,-0.121985095,0.325770651
shRNA_NTN4,-0.129833408,0.325770651
shRNA_TIAL1,-0.122096462,0.325770651
shRNA_DDX23,0.122273044,0.325770651
shRNA_LYPLAL1,-0.141348981,0.325487014
shRNA_TMCO4,0.179113431,0.325487014
shRNA_LCK,0.121576504,0.325487014
shRNA_GFOD1,0.141230495,0.325487014
shRNA_PCNP,0.179008633,0.325487014
shRNA_FERMT3,0.129596396,0.325487014
shRNA_TXNDC2,-0.18398354,0.325487014
shRNA_CCDC190,-0.178698501,0.325114056
shRNA_MXD1,-0.121427184,0.325114056
shRNA_MIF,-0.121563867,0.325114056
shRNA_NOP58,-0.183766247,0.325114056
shRNA_TCP11L1,-0.17861602,0.325114056
shRNA_RNF4,0.121366771,0.325114056
shRNA_SYCP1,0.178672002,0.325114056
shRNA_QRFPR,0.121760119,0.325114056
shRNA_ZC3H8,-0.178610017,0.325114056
shRNA_FIG4,-0.121222404,0.325114056
shRNA_PPP2CA,0.121675118,0.325110092
shRNA_C7orf69,0.178502154,0.324962886
shRNA_PIAS3,-0.140660189,0.322153872
shRNA_NUTF2,-0.121004976,0.322061464
shRNA_OLFM4,0.182971631,0.322061464
shRNA_FYB2,-0.178034477,0.322061464
shRNA_CYP4Z1,0.120995886,0.322061464
shRNA_ATP6V0D2,0.140615159,0.322061464
shRNA_POU3F1,0.142673427,0.322061464
shRNA_ERBIN,0.140470971,0.322061464
shRNA_CCDC169.SOHLH2,-0.12086541,0.322023748
shRNA_TMEM186,-0.177925582,0.322023748
shRNA_MPV17,0.177856596,0.322023748
shRNA_TEX264,0.182907263,0.322023748
shRNA_DHFR2,-0.128585189,0.321832017
shRNA_TAX1BP3,0.182599397,0.321832017
shRNA_KCNC4,0.120725351,0.321832017
shRNA_PARD6A,0.128632028,0.321832017
shRNA_MARCH5,0.120688832,0.321832017
shRNA_LINS1,0.177583025,0.321832017
shRNA_YY1AP1,0.177617379,0.321832017
shRNA_LACTB,-0.140058072,0.321705743
shRNA_ANKRD30B,-0.128415511,0.321705743
shRNA_SSH1,0.120953011,0.321705743
shRNA_CHAF1A,0.120008309,0.320840599
shRNA_LOC100996415,0.181736736,0.320840599
shRNA_RNASE11,0.139628854,0.320840599
shRNA_DUSP3,-0.120019768,0.320840599
shRNA_ANKRD23,0.144274453,0.320840599
shRNA_ENDOG,0.127082253,0.320840599
shRNA_KHDRBS2,-0.139794513,0.320840599
shRNA_MFSD8,-0.176747892,0.320840599
shRNA_TPRX1,-0.139435278,0.320840599
shRNA_GIMAP6,0.176604404,0.320840599
shRNA_C2orf83,-0.176813935,0.320840599
shRNA_RPS26,0.176986011,0.320840599
shRNA_SMARCD2,0.120188219,0.320840599
shRNA_TFCP2,0.13969071,0.320840599
shRNA_TP53BP1,0.120155776,0.320840599
shRNA_ZNF735,0.14383697,0.320840599
shRNA_FAM118B,0.177087343,0.320840599
shRNA_QTRT1,0.139328454,0.320840599
shRNA_DRC7,-0.176693566,0.320840599
shRNA_ZNF765,0.139701804,0.320840599
shRNA_KIF23,0.127854432,0.320840599
shRNA_VGLL4,0.176940848,0.320840599
shRNA_SLC25A25,-0.139109843,0.319589252
shRNA_MLH3,0.119802463,0.319589252
shRNA_CLEC9A,0.181214792,0.319589252
shRNA_GSTA1,-0.127121339,0.319589252
shRNA_KRT33B,0.139038168,0.319589252
shRNA_RPL36A,-0.176461063,0.319589252
shRNA_LIN52,0.139163392,0.319589252
shRNA_GTF3C5,0.141707518,0.319589252
shRNA_SUMF2,0.176006155,0.318340412
shRNA_UBXN1,0.119652684,0.318340412
shRNA_P3H2,0.119571369,0.318340412
shRNA_PTPN11,0.119476148,0.318340412
shRNA_RASL11B,0.119589572,0.318340412
shRNA_GPCPD1,-0.175843991,0.317002062
shRNA_ZNF425,0.175790718,0.316737219
shRNA_GTPBP4,-0.138619389,0.316568787
shRNA_KIAA0355,-0.175710349,0.316568787
shRNA_TFR2,0.138555377,0.315892012
shRNA_JUNB,0.119308615,0.315789841
shRNA_CENPE,-0.119046506,0.315561102
shRNA_CFL2,-0.119192572,0.315561102
shRNA_MON2,-0.175009749,0.315561102
shRNA_PPIL2,0.119241765,0.315561102
shRNA_NR6A1,-0.119137507,0.315561102
shRNA_JMJD8,-0.126572722,0.315561102
shRNA_SLC10A6,-0.138029579,0.315561102
shRNA_GSTK1,0.180206102,0.315561102
shRNA_MTCP1,-0.142470393,0.315561102
shRNA_PMS2,0.118742653,0.315561102
shRNA_ETNK2,-0.118848659,0.315561102
shRNA_MSX2P1,-0.140497701,0.315561102
shRNA_AEN,0.126085412,0.315561102
shRNA_ZC3H12A,0.175456511,0.315561102
shRNA_LONP2,-0.11916888,0.315561102
shRNA_DIRC2,0.138125712,0.315561102
shRNA_ITGB1BP1,0.175222182,0.315561102
shRNA_DNAJC6,0.138249008,0.315561102
shRNA_CIITA,0.118737533,0.315162087
shRNA_KLHL7,-0.126402666,0.315162087
shRNA_HAMP,0.179620517,0.315162087
shRNA_RPL24,0.174736954,0.315162087
shRNA_SULT2A1,-0.11905909,0.315162087
shRNA_CASR,0.118728371,0.315162087
shRNA_PHYKPL,0.126732872,0.314345157
shRNA_STX16.NPEPL1,-0.118595855,0.314287585
shRNA_ACTL7B,0.137649261,0.314287585
shRNA_NFIB,0.118545326,0.314287585
shRNA_C2CD2L,-0.174524151,0.314287585
shRNA_CDH5,-0.118374201,0.31355218
shRNA_SLC7A13,0.137435169,0.31355218
shRNA_OR52B6,0.137542785,0.31355218
shRNA_GATAD1,-0.137494063,0.31355218
shRNA_EFCAB7,-0.137452249,0.31355218
shRNA_ANKRD44,0.126080901,0.31355218
shRNA_LRRTM3,-0.125969365,0.312571567
shRNA_SFRP2,0.125950102,0.312571567
shRNA_MSANTD4,0.174040204,0.312459841
shRNA_UPK3BL1,-0.141225735,0.312407166
shRNA_FAM43A,0.137098955,0.312407166
shRNA_TMEM171,0.117656111,0.312407166
shRNA_CPOX,0.136862317,0.312407166
shRNA_IGFL2,-0.173855671,0.312407166
shRNA_ZNF600,-0.137009322,0.312407166
shRNA_DSG3,0.117474815,0.312407166
shRNA_FABP1,-0.118061297,0.312407166
shRNA_DIS3,-0.136579514,0.312407166
shRNA_POLL,0.11770551,0.312407166
shRNA_MAGOH,0.136724049,0.312407166
shRNA_KRTAP5.2,0.117624199,0.312407166
shRNA_SEPSECS,0.173838677,0.312407166
shRNA_SERPINA1,0.118012591,0.312407166
shRNA_FXYD7,0.136755993,0.312407166
shRNA_PPM1G,-0.118244395,0.312407166
shRNA_ZNF248,-0.117699803,0.312407166
shRNA_MRPS35,0.173392081,0.312407166
shRNA_SLC35G6,0.173434674,0.312407166
shRNA_UBE2G1,0.118090152,0.312407166
shRNA_EVI5,0.173355852,0.312407166
shRNA_OR13A1,0.136844536,0.312407166
shRNA_PLEKHS1,-0.17360629,0.312407166
shRNA_RAE1,-0.125165151,0.312407166
shRNA_NOL3,0.173277065,0.312407166
shRNA_CD70,-0.136902459,0.312407166
shRNA_NUP153,0.136641643,0.312407166
shRNA_ADD3,0.173003535,0.31199276
shRNA_RNF182,0.117863324,0.31199276
shRNA_LGSN,-0.117861015,0.31199276
shRNA_DOC2A,0.136417677,0.311512104
shRNA_CNGB1,0.117747852,0.310535433
shRNA_FAM92A,-0.172669437,0.308580735
shRNA_ZNF385B,-0.136031139,0.306938093
shRNA_ZNF318,0.172525017,0.306938093
shRNA_TSPYL6,-0.172426076,0.306938093
shRNA_RSAD1,-0.136015132,0.306938093
shRNA_CDH10,-0.135708602,0.306594163
shRNA_LOC101929894,-0.171670112,0.306594163
shRNA_RTN3,0.175579015,0.306594163
shRNA_LANCL1,0.134020427,0.306594163
shRNA_CXCL13,-0.134698451,0.306594163
shRNA_POMT1,-0.116451071,0.306594163
shRNA_ADAMTS7,0.13620606,0.306594163
shRNA_CHEK2,0.115742912,0.306594163
shRNA_SCAMP4,-0.175726606,0.306594163
shRNA_FMNL2,-0.135641812,0.306594163
shRNA_TMIGD2,-0.170030209,0.306594163
shRNA_ADK,0.115333766,0.306594163
shRNA_SGCZ,0.170508279,0.306594163
shRNA_CRYBB3,-0.169800524,0.306594163
shRNA_CEP128,-0.171338169,0.306594163
shRNA_GIMAP8,0.135539683,0.306594163
shRNA_ZNF100,-0.13393317,0.306594163
shRNA_FAP,0.116726491,0.306594163
shRNA_SPATA13,0.123630044,0.306594163
shRNA_ADGRG5,0.134350198,0.306594163
shRNA_WDR43,-0.138215519,0.306594163
shRNA_LDOC1,0.170592905,0.306594163
shRNA_ALOX12B,-0.116597659,0.306594163
shRNA_PLCXD2,0.134502984,0.306594163
shRNA_CFAP126,-0.171085396,0.306594163
shRNA_HECTD1,0.116213606,0.306594163
shRNA_TES,0.171906721,0.306594163
shRNA_FBXO22,-0.118797978,0.306594163
shRNA_CHMP2A,0.170440821,0.306594163
shRNA_UBE2S,0.115376528,0.306594163
shRNA_SLC24A5,0.13523651,0.306594163
shRNA_GSTA2,0.123662674,0.306594163
shRNA_GZMH,-0.116516233,0.306594163
shRNA_SERPIND1,0.116815951,0.306594163
shRNA_HSPG2,0.135222674,0.306594163
shRNA_ZFP69,0.134181458,0.306594163
shRNA_ACADM,-0.117291205,0.306594163
shRNA_DPY19L2P2,0.174748706,0.306594163
shRNA_ITGA6,-0.115716457,0.306594163
shRNA_KCNC1,-0.11535853,0.306594163
shRNA_IGFL3,0.176000193,0.306594163
shRNA_FAM69A,-0.123898224,0.306594163
shRNA_LAMA2,0.135574507,0.306594163
shRNA_MT1F,-0.135390775,0.306594163
shRNA_NME4,-0.11562889,0.306594163
shRNA_NPR1,0.1159961,0.306594163
shRNA_ACR,0.1340506,0.306594163
shRNA_ADIPOR1,0.116162277,0.306594163
shRNA_SERPINI2,-0.116199321,0.306594163
shRNA_PIGC,0.176879909,0.306594163
shRNA_NXPE4,0.169917726,0.306594163
shRNA_MSL2,0.134512884,0.306594163
shRNA_RNF220,0.176467995,0.306594163
shRNA_CSGALNACT2,0.171247608,0.306594163
shRNA_N4BP2,-0.135374051,0.306594163
shRNA_RNF114,0.133906226,0.306594163
shRNA_BCCIP,-0.116198205,0.306594163
shRNA_PTPRCAP,0.135234135,0.306594163
shRNA_OVOL2,-0.135723949,0.306594163
shRNA_RAB5A,-0.117145051,0.306594163
shRNA_CLSPN,0.123633071,0.306594163
shRNA_RSRC2,0.170783088,0.306594163
shRNA_TARBP2,0.134822564,0.306594163
shRNA_TBX2,-0.115429339,0.306594163
shRNA_PPP1R11,0.133930908,0.306594163
shRNA_PGM5P4,0.136331071,0.306594163
shRNA_ZNF35,-0.134297547,0.306594163
shRNA_ALMS1,-0.134009676,0.306594163
shRNA_FAM124B,0.171653868,0.306594163
shRNA_PPP1R2P9,0.135509181,0.306594163
shRNA_ANP32E,-0.134492579,0.306594163
shRNA_MKKS,0.134315819,0.306594163
shRNA_FZD7,0.116427039,0.306594163
shRNA_TMEM47,0.170682246,0.306594163
shRNA_OR1D5,0.124822239,0.306594163
shRNA_MAF1,0.176615535,0.306594163
shRNA_MAP1LC3A,-0.137729423,0.306594163
shRNA_CCNK,-0.116225345,0.306594163
shRNA_PER3,-0.117196741,0.306594163
shRNA_TTC5,0.122853074,0.306594163
shRNA_NR1D2,0.116837665,0.306594163
shRNA_CDC42,-0.116055366,0.306594163
shRNA_PPP4R1,-0.115325872,0.306594163
shRNA_CT45A7.CT45A10,-0.169055773,0.304183192
shRNA_APBB3,-0.133301436,0.304183192
shRNA_SH2B2,0.122423356,0.304183192
shRNA_KLK8,0.133146582,0.304183192
shRNA_LMTK3,-0.114584304,0.304183192
shRNA_GRPEL2,0.133584803,0.304183192
shRNA_ZNF675,0.133522667,0.304183192
shRNA_PLPP4,0.114824539,0.304183192
shRNA_EPB42,0.168758144,0.304183192
shRNA_AK9,-0.168798659,0.304183192
shRNA_OR5L2,0.173737093,0.304183192
shRNA_CDR2L,0.173812803,0.304183192
shRNA_IKBKB,-0.114703983,0.304183192
shRNA_OR51D1,0.133013042,0.304183192
shRNA_SH2D1A,-0.11451858,0.304183192
shRNA_CT45A3.CT45A5.CT45A6,-0.169056063,0.304183192
shRNA_MYT1,0.114633286,0.304183192
shRNA_ODF2,-0.168841194,0.304183192
shRNA_TEX10,0.169407938,0.304183192
shRNA_WDYHV1,0.136726405,0.304183192
shRNA_OR2S2,0.133123508,0.304183192
shRNA_RAB13,-0.115491828,0.304183192
shRNA_NR2F1,-0.11481456,0.304183192
shRNA_ZNF121,-0.169276784,0.304183192
shRNA_TRPM8,0.133542449,0.304183192
