feature,coef,qval
GE_PGAP3,-0.565319308,35.69976041
GE_MIEN1,-0.531561385,30.63522032
GE_ERBB2,-0.51886584,28.94531767
GE_TCAP,-0.398010688,14.7326497
GE_LYZL4,-0.381166841,13.25213852
GE_ODF4,-0.376062267,12.8709983
GE_PNMT,-0.374504071,12.79903961
GE_GRB7,-0.340396117,9.999028592
GE_CEACAM18,-0.338898596,9.932471287
GE_ZNF683,-0.324635829,8.888678281
GE_GSTT4,-0.321102044,8.668824013
GE_IKZF3,-0.314985567,8.262461525
GE_SIGLEC12,-0.314448485,8.25870586
GE_SCGB2A2,-0.313901283,8.251726676
GE_BCAS1,-0.304609886,7.628893507
GE_ZPBP2,-0.303521088,7.581922276
GE_STARD3,-0.299207886,7.314199335
GE_CAPN9,-0.292290473,6.877534481
GE_CCDC83,-0.291757738,6.865986955
GE_LYZL2,-0.291248914,6.854874929
GE_BPIFB1,-0.288633624,6.705498879
GE_IYD,-0.285022572,6.493062418
GE_MEPE,-0.283488805,6.414556937
GE_MUC5B,-0.278177245,6.098897987
GE_CLEC3A,-0.276330094,6.002083089
GE_MMEL1,-0.270950383,5.69035186
GE_TIAF1,-0.268931653,5.585221177
GE_SCGB1D2,-0.262564011,5.224253778
GE_GDPD3,-0.262242192,5.220714966
GE_H4C7,-0.259369008,5.06889591
GE_PLA2G4F,-0.259082994,5.06666712
GE_RNF223,-0.254426239,4.815084164
GE_PLA2G10,-0.25366773,4.785716753
GE_EPN3,-0.251878849,4.704695885
GE_SPTSSB,-0.251765208,4.704695885
GE_ZBTB42,-0.25011076,4.624953811
GE_CATSPERB,-0.249054878,4.578493366
GE_CPSF4L,-0.248610958,4.565618357
GE_ALDH3B2,-0.248078439,4.547622973
GE_LCT,-0.247016922,4.500459651
GE_MSN,0.245887737,4.449609949
GE_STARD10,-0.245678587,4.448703671
GE_VSIG2,-0.245419185,4.444833207
GE_HAPLN4,-0.244042966,4.380332285
GE_ACSL4,0.242254883,4.308024778
GE_CNGB3,-0.242164431,4.308024778
GE_MYH4,-0.242382858,4.308024778
GE_SRARP,-0.24189532,4.302773971
GE_TFF1,-0.240089458,4.215575898
GE_ECT2L,-0.23887064,4.159885052
GE_OR2AP1,-0.238637004,4.156167541
GE_RECQL,0.238287005,4.146172011
GE_TMEM45B,-0.237736807,4.125532311
GE_VSTM5,-0.237469944,4.11965226
GE_SIDT1,-0.236519538,4.077903517
GE_EMP3,0.235737949,4.044999653
GE_FA2H,-0.233943027,3.967241158
GE_PLA2G2A,-0.234080407,3.967241158
GE_SPDEF,-0.233607076,3.957341772
GE_TMPRSS4,-0.23257596,3.911634131
GE_TMEM238,-0.232426413,3.911145314
GE_MS4A18,-0.232220025,3.907633932
GE_P2RX2,-0.231616155,3.885610931
GE_KLRF2,-0.231519564,3.885610931
GE_OTOR,-0.231283821,3.880317362
GE_TSKU,-0.231148907,3.880070737
GE_TC2N,-0.23096022,3.876990332
GE_IKBIP,0.229168593,3.792571582
GE_RAPGEFL1,-0.228933899,3.787065155
GE_OVOL2,-0.228210871,3.756897278
GE_DERL2,0.22758101,3.749404352
GE_ACTA1,-0.227596411,3.749404352
GE_EIF4A1,0.227654563,3.749404352
GE_HID1,-0.227747642,3.749404352
GE_LRRC26,-0.22665872,3.709087651
GE_PRR15,-0.225753132,3.675395746
GE_SLC29A3,-0.225791077,3.675395746
GE_CNN3,0.225460994,3.672016114
GE_ANXA9,-0.225505061,3.672016114
GE_PPP1R18,0.224690183,3.639271822
GE_TCF24,-0.224458292,3.633199091
GE_CCSER1,-0.224214347,3.626477251
GE_S100P,-0.224071038,3.624668478
GE_CEACAM6,-0.223924256,3.622630107
GE_SLC9A2,-0.223382814,3.601107095
GE_PPP1R1B,-0.223248914,3.599603204
GE_ATP2A3,-0.222805721,3.582862626
GE_CDS1,-0.22202443,3.549572283
GE_RBBP8NL,-0.221845385,3.54935141
GE_ZAN,-0.221721814,3.54935141
GE_GLYATL3,-0.221767186,3.54935141
GE_ARL11,-0.220841316,3.511213029
GE_RASEF,-0.22015026,3.482373065
GE_S100A14,-0.219933375,3.476515408
GE_PRR15L,-0.219236614,3.44744277
GE_C9orf152,-0.218665725,3.42448601
GE_ANKRD22,-0.218398149,3.416120496
GE_ATP2C2,-0.217519527,3.386611801
GE_ESR1,-0.217506922,3.386611801
GE_BSPRY,-0.217516002,3.386611801
GE_TRAPPC1,0.21730045,3.385336587
GE_FER1L6,-0.217304817,3.385336587
GE_CAPN8,-0.217200346,3.384789207
GE_ESRP2,-0.216949209,3.37699219
GE_C6orf132,-0.216410054,3.355448597
GE_GCOM1,-0.216307474,3.354682959
GE_TTC9,-0.216206254,3.353945711
GE_TOB1,-0.215848521,3.340986321
GE_AGR2,-0.215526928,3.329731558
GE_ARSH,-0.214686687,3.293943365
GE_SLC27A2,-0.214027138,3.266779295
GE_FOXA1,-0.213397128,3.241063519
GE_ANKFY1,0.213020313,3.227255898
GE_FFAR4,-0.212835013,3.222405604
GE_BICDL2,-0.212730079,3.221288453
GE_GSTA3,-0.212579141,3.217990146
GE_FAM83E,-0.211236641,3.162857273
GE_CISH,-0.211298038,3.162857273
GE_PLEKHG6,-0.210498485,3.136279922
GE_SLC44A4,-0.210464874,3.136279922
GE_RNASEK,0.210428125,3.136279922
GE_LIX1L,0.210070538,3.123324023
GE_RAP1GAP,-0.209675463,3.112155602
GE_FAM47E,-0.209730335,3.112155602
GE_DCBLD2,0.20925843,3.096438078
GE_UBE2G1,0.208740231,3.076087547
GE_CRABP1,-0.208451775,3.066292132
GE_CDK12,-0.208075043,3.052449244
GE_SYK,-0.20734209,3.022360076
GE_MYORG,-0.207166723,3.01772355
GE_MZB1,-0.20679476,3.004126491
GE_PWWP2B,-0.205986199,2.970743714
GE_SPACA4,-0.205832836,2.967079466
GE_PHF23,0.205754736,2.966799414
GE_TMEM35B,0.205108984,2.940866666
GE_ALOX15,-0.204256327,2.90570745
GE_CEP170,0.20417605,2.905285414
GE_ERC1,0.204071,2.904257837
GE_KIRREL1,0.204012851,2.904257837
GE_MAGEA8,-0.203405799,2.880187721
GE_H3.3A,-0.203317758,2.879343104
GE_NECTIN4,-0.20324772,2.879282688
GE_FCN1,-0.202901616,2.866880474
GE_MS4A14,-0.202788449,2.864860881
GE_CAPN13,-0.202357956,2.850799152
GE_JUP,-0.202338113,2.850799152
GE_MARVELD1,0.202209683,2.848053165
GE_TMEM30B,-0.201876766,2.83621182
GE_MYH14,-0.201539761,2.824193851
GE_PLAAT2,-0.201368969,2.819535611
GE_FAM126A,0.201190724,2.817401452
GE_TCEAL9,0.201222765,2.817401452
GE_ELK3,0.20063365,2.79847574
GE_SLC40A1,-0.200694588,2.79847574
GE_LNX1,-0.200415784,2.794476212
GE_DOK7,-0.200456083,2.794476212
GE_TMEM63A,-0.200307465,2.792480466
GE_CORO1C,0.20016297,2.788877815
GE_TM6SF2,-0.199586815,2.766303278
GE_TWF1,0.199398949,2.760787595
GE_SULT2B1,-0.199276498,2.758127733
GE_TJP3,-0.199102581,2.75320155
GE_FXYD3,-0.198946285,2.749036067
GE_ZNF462,0.198790564,2.744884661
GE_TSPAN15,-0.19862585,2.740329738
GE_CYB5D2,0.198496338,2.737300737
GE_LLGL2,-0.198300872,2.737058702
GE_RIPK3,-0.198365293,2.737058702
GE_HSD11B2,-0.198253662,2.737058702
GE_CKMT1A,-0.198341764,2.737058702
GE_UROD,0.198040743,2.730331289
GE_SMARCD2,-0.197890585,2.728123313
GE_WIPF2,-0.197873961,2.728123313
GE_ZNF296,-0.197530984,2.718208743
GE_ZNF552,-0.197534661,2.718208743
GE_NCMAP,-0.197428426,2.716230961
GE_KLHL29,0.197187138,2.708225447
GE_IGSF9,-0.197023258,2.706003993
GE_ERP27,-0.197076417,2.706003993
GE_SCYL3,-0.196871408,2.701848727
GE_CEACAM5,-0.19675685,2.699298037
GE_TSPAN1,-0.196012038,2.66953375
GE_ANO6,0.195786998,2.662221137
GE_CCDC88A,0.195629695,2.659587971
GE_APOBEC3C,0.195616083,2.659587971
GE_KDF1,-0.195357536,2.650816994
GE_DEPDC1,0.195010582,2.64000893
GE_ECHDC1,0.194997429,2.64000893
GE_RAB11FIP4,-0.194585178,2.635996807
GE_SLC38A2,0.194627548,2.635996807
GE_TBX10,-0.194706819,2.635996807
GE_MYO18A,-0.194757746,2.635996807
GE_SH3BGRL2,-0.194620239,2.635996807
GE_ACAD11,0.194619702,2.635996807
GE_SMIM5,-0.194457854,2.632784112
GE_NAP1L1,0.194396781,2.632394741
GE_CKMT1B,-0.194326604,2.631605873
GE_SVOPL,-0.194222258,2.631535471
GE_GRIN1,-0.194234689,2.631535471
GE_ARHGAP8,-0.194076096,2.627472909
GE_IFIT5,0.193955976,2.626165229
GE_FUT11,0.19394414,2.626165229
GE_MYZAP,-0.193875766,2.625394655
GE_ITPRIP,0.193635751,2.617303311
GE_ARHGEF38,-0.19348166,2.612868797
GE_SLC37A1,-0.193427899,2.612695239
GE_ITPKC,-0.193246613,2.607091416
GE_INAVA,-0.192877978,2.595617658
GE_DEGS2,-0.192925064,2.595617658
GE_RAB25,-0.192555804,2.584037462
GE_MT2A,0.192403559,2.582308389
GE_RALGPS1,-0.192400195,2.582308389
GE_MAL2,-0.192369396,2.582308389
GE_PLEKHS1,-0.192284602,2.580756309
GE_SPTBN2,-0.192221033,2.580093416
GE_NAV3,0.192103264,2.579137968
GE_SHANK2,-0.192128832,2.579137968
GE_MED1,-0.191890121,2.572612808
GE_TMEM125,-0.191854332,2.572612808
GE_ELF3,-0.191784602,2.571649885
GE_CLDN4,-0.191651977,2.568027708
GE_SYT7,-0.191354353,2.557453764
GE_GPR160,-0.191171854,2.553672202
GE_IQANK1,-0.191215028,2.553672202
GE_PLEKHA7,-0.191120355,2.553441776
GE_TTC6,-0.191040198,2.551999129
GE_TSPAN13,-0.190891846,2.547685827
GE_CAV1,0.190633106,2.538739214
GE_MED31,0.190458421,2.533318982
GE_GPX2,-0.190380693,2.531955981
GE_P3H1,0.190202716,2.526391047
GE_RND1,-0.189718282,2.50802612
GE_GAN,-0.189644758,2.506826441
GE_SMIM22,-0.189295975,2.494150158
GE_C12orf65,0.189237696,2.493575804
GE_LNX2,-0.188986221,2.484958636
GE_GRHL2,-0.188870594,2.481989505
GE_PLEKHF2,-0.188801443,2.480945554
GE_FAAH,-0.188358655,2.46607363
GE_EPS8L1,-0.188355348,2.46607363
GE_SORL1,-0.188195764,2.461269465
GE_PLA2G2E,-0.188138387,2.460692587
GE_CGN,-0.18795168,2.454759407
GE_AGR3,-0.187591284,2.441654484
GE_VWA3B,-0.187449642,2.437586961
GE_AKT3,0.187242469,2.432578132
GE_MYO5C,-0.187278664,2.432578132
GE_TSPO2,-0.187025061,2.427128913
GE_FRAT2,-0.187049377,2.427128913
GE_OVOL1,-0.18676948,2.418359119
GE_PRSS8,-0.186451166,2.411156359
GE_CAPS,-0.186471344,2.411156359
GE_BANK1,-0.186347583,2.411156359
GE_NR2F6,-0.186260669,2.411156359
GE_UBTD1,0.186402661,2.411156359
GE_CRYBG2,-0.186281196,2.411156359
GE_CRACR2B,-0.186262102,2.411156359
GE_CLEC2L,-0.186374739,2.411156359
GE_CNTROB,0.185419789,2.378446959
GE_CDC42BPG,-0.185340352,2.376879637
GE_DYRK3,0.185239045,2.374478624
GE_SELENOP,-0.18519985,2.374478624
GE_VIM,0.184990186,2.371756595
GE_TTC39A,-0.184931455,2.371756595
GE_RAB20,-0.185018848,2.371756595
GE_BATF,-0.184944305,2.371756595
GE_COLCA2,-0.184942049,2.371756595
GE_SLC10A5,-0.184646438,2.361787931
GE_DRAP1,0.184529619,2.358659194
GE_DENND5A,0.184475,2.358052558
GE_CAMSAP3,-0.184291897,2.353950208
GE_CACNA1D,-0.184315032,2.353950208
GE_CAVIN1,0.184255657,2.353950208
GE_TMPRSS13,-0.184109091,2.349596033
GE_SH3YL1,-0.183827158,2.341756096
GE_ESRP1,-0.183790397,2.341756096
GE_FSD1L,0.183804726,2.341756096
GE_MARVELD2,-0.183760007,2.341756096
GE_SYDE1,0.183682059,2.340162998
GE_KLHDC2,-0.183614954,2.339003927
GE_DZIP1L,0.183542022,2.337604791
GE_SYT17,-0.183168961,2.328363866
GE_LRRC66,-0.183213561,2.328363866
GE_OR10D3,-0.18316101,2.328363866
GE_NAXD,-0.183272562,2.328363866
GE_MARVELD3,-0.183094861,2.327265183
GE_CTDNEP1,0.18302897,2.327265183
GE_OR5M11,-0.183020935,2.327265183
GE_TBC1D30,-0.182979746,2.327111044
GE_MIA2,-0.182802498,2.321474065
GE_CARD14,-0.182669339,2.317611587
GE_ART1,-0.182480347,2.31241274
GE_CRB3,-0.182466006,2.31241274
GE_TMEM101,0.1823752,2.312380566
GE_LGALS1,0.182318571,2.312380566
GE_MUC20,-0.182418563,2.312380566
GE_C1orf210,-0.182351967,2.312380566
GE_SPINK8,-0.182144613,2.306860138
GE_ARSK,0.18181336,2.295041089
GE_RPL19,-0.181542937,2.288557757
GE_CMTM3,0.181563022,2.288557757
GE_ZG16B,-0.181550188,2.288557757
GE_SAMD12,-0.181329583,2.281468544
GE_FSCN1,0.181196191,2.277574537
GE_FAM174B,-0.181109551,2.276965792
GE_ZNF655,0.181115929,2.276965792
GE_EPCAM,-0.181030841,2.275243863
GE_CDH1,-0.180878635,2.273306087
GE_CTNS,0.18093231,2.273306087
GE_LIPM,-0.180876248,2.273306087
GE_HDHD3,-0.18067213,2.267971878
GE_TMEM107,0.180698734,2.267971878
GE_SCNN1A,-0.180490942,2.262154897
GE_PIK3CD,0.18032413,2.256911488
GE_ST6GALNAC1,-0.179896408,2.241322679
GE_ORMDL3,-0.179837621,2.240369891
GE_POF1B,-0.179764608,2.240217971
GE_RPL26,0.179791466,2.240217971
GE_LYPD3,-0.179726232,2.240061963
GE_C4orf19,-0.179651455,2.238461199
GE_RTN4,0.179554667,2.236619765
GE_GRTP1,-0.17951605,2.236619765
GE_MICA,0.179502472,2.236619765
GE_ST3GAL3,0.179380744,2.233149999
GE_ZBTB7B,-0.179323364,2.232221082
GE_DENND1C,-0.179240708,2.230290476
GE_DLG3,-0.179201747,2.230082227
GE_TOX3,-0.179126036,2.228419718
GE_ST3GAL2,0.178970914,2.223622345
GE_F7,-0.178737466,2.215740633
GE_TRAF4,-0.178624399,2.212603092
GE_FRK,-0.178479654,2.212028834
GE_CDH26,-0.178540974,2.212028834
GE_OXGR1,-0.178477208,2.212028834
GE_IFTAP,0.178487807,2.212028834
GE_SAPCD2,-0.178391537,2.209954818
GE_TFF3,-0.17824222,2.205378134
GE_CPO,-0.177409953,2.178411006
GE_C11orf52,-0.177414549,2.178411006
GE_GPX8,0.177486893,2.178411006
GE_SPINT1,-0.177516026,2.178411006
GE_FAM3B,-0.17739086,2.178411006
GE_DNAJC18,0.17731684,2.176785525
GE_PRR5.ARHGAP8,-0.176711456,2.154428642
GE_SH2B3,0.176657697,2.153595419
GE_PAFAH1B1,0.176567383,2.151336161
GE_PGM1,0.176528281,2.151067705
GE_ARL13B,0.176337897,2.144912323
GE_RCN1,0.176173791,2.139781639
GE_TMC4,-0.175920326,2.131186181
GE_MAP7D1,0.175856825,2.12996263
GE_ALG1L,-0.175584956,2.120664489
GE_SH3GLB2,-0.175386073,2.114200572
GE_TMEM158,0.175307713,2.112399226
GE_C11orf68,0.175098443,2.105538898
GE_EDEM2,0.175009169,2.10520136
GE_PPP1R37,-0.174910771,2.10520136
GE_CNTNAP1,0.174978868,2.10520136
GE_STX2,0.174894935,2.10520136
GE_PRRG2,-0.174810226,2.10520136
GE_LRRCC1,-0.174818717,2.10520136
GE_ST14,-0.17480789,2.10520136
GE_LAD1,-0.174956147,2.10520136
GE_MTARC1,-0.174851465,2.10520136
GE_RAB15,-0.174746806,2.104038263
GE_CORO2A,-0.174393649,2.092060799
GE_PER2,-0.17437407,2.092060799
GE_MISP,-0.174231844,2.091300548
GE_FAAH2,-0.174279712,2.091300548
GE_SERPINA11,-0.174259785,2.091300548
GE_OR9A4,-0.174287464,2.091300548
GE_GALNT3,-0.174183883,2.090626582
GE_LYPD4,-0.17407396,2.087570337
GE_MBNL3,-0.173976233,2.084981555
GE_PTK6,-0.173929122,2.084333413
GE_KRT4,-0.173799557,2.080520626
GE_RASGEF1B,-0.173733739,2.079151071
GE_IL20RA,-0.173664041,2.077630744
GE_SLC52A3,-0.173553277,2.07453582
GE_SGTB,0.17350415,2.073799443
GE_FAM216A,0.173274901,2.066171018
GE_FOXI3,-0.173151652,2.062599133
GE_CYP2J2,-0.173068338,2.060552297
GE_RPL26L1,0.17261212,2.045949935
GE_POLR3G,0.172637006,2.045949935
GE_PSMB6,0.172596599,2.045949935
GE_TMEM62,-0.17246863,2.04220123
GE_COG2,-0.172365436,2.039395435
GE_PIGK,0.172268818,2.036998284
GE_SH2D5,0.172243678,2.036998284
GE_ECI2,0.172191881,2.036141699
GE_ADGRV1,-0.172144713,2.035458719
GE_FOLR1,-0.171916774,2.027910556
GE_CEBPA,-0.171872854,2.027347901
GE_PPA2,-0.171684217,2.021296336
GE_EPB41L4B,-0.171360636,2.010142834
GE_ETS1,0.171192341,2.004874768
GE_SSR3,0.170942189,1.996519792
GE_HSPA13,0.170865636,1.994721049
GE_FSIP2,-0.170618563,1.986493712
GE_MED8,0.170541125,1.984661404
GE_NOTCH3,-0.170202889,1.974097094
GE_CDC6,-0.170222803,1.974097094
GE_ELP5,0.17017006,1.973939611
GE_C11orf53,-0.170141397,1.973936219
GE_FXR2,0.169903483,1.966073921
GE_ZNF704,-0.16973799,1.960935238
GE_SLC16A1,0.169670325,1.959464795
GE_RABGGTB,0.169635197,1.959211653
GE_PKD2L1,-0.169590196,1.958586327
GE_NEBL,-0.169501626,1.95738285
GE_RALGAPA1,-0.169519973,1.95738285
GE_RILPL2,0.169458957,1.95683837
GE_NMT2,0.169386223,1.956214467
GE_CHRM1,-0.169395585,1.956214467
GE_SRMS,-0.169314329,1.955072858
GE_ZNF524,-0.169299886,1.955072858
GE_ZBTB7C,-0.169263232,1.954742485
GE_BMF,-0.16920353,1.95354833
GE_ABHD11,-0.169061391,1.949272942
GE_P2RY2,-0.169017057,1.948650203
GE_MAP7D3,0.168942338,1.946891224
GE_DVL2,0.168828077,1.944681464
GE_XBP1,-0.168843779,1.944681464
GE_ZEB1,0.168490648,1.933130698
GE_TPST1,0.16844487,1.932447345
GE_SDCBP2,-0.168377167,1.931092639
GE_PIK3C2B,-0.168326547,1.931092639
GE_C2orf15,-0.168348726,1.931092639
GE_LOXL2,0.168234495,1.928680882
GE_ARHGEF16,-0.168014201,1.921505302
GE_GRHL1,-0.167867309,1.917060049
GE_WWP1,-0.167752462,1.915669752
GE_PRKCD,-0.167774911,1.915669752
GE_CLDN7,-0.167748779,1.915669752
GE_MAB21L4,-0.167705555,1.915064706
GE_SRGAP2,0.167634298,1.913419066
GE_FCGR1A,-0.167518799,1.910133869
GE_MAP4K4,0.167479752,1.909678686
GE_AP1M1,0.167337888,1.906403391
GE_CCDC185,-0.167358785,1.906403391
GE_MAP7,-0.167290841,1.905647109
GE_CCL15,-0.167250894,1.905151562
GE_HPGD,-0.166881779,1.893475819
GE_NLGN2,0.166887181,1.893475819
GE_GADD45A,0.166830173,1.89254704
GE_DNAJC8,0.166774428,1.891464018
GE_KATNAL1,0.166714175,1.891181643
GE_KRT19,-0.166716938,1.891181643
GE_PLA2G12A,-0.166618156,1.889225278
GE_LRRC8C,0.166608698,1.889225278
GE_ANK3,-0.166378024,1.881695507
GE_ELF1,-0.166265422,1.878514137
GE_NUDT8,-0.166167095,1.875857834
GE_GRHL3,-0.165765514,1.863027672
GE_TEDDM1,-0.165790605,1.863027672
GE_HEG1,0.165734817,1.862853722
GE_PIP4P2,0.165477217,1.854644208
GE_CYP4F12,-0.165458893,1.854644208
GE_PLEKHA6,-0.165220135,1.846857361
GE_IRF6,-0.165073365,1.843379641
GE_CREB3L4,-0.165076631,1.843379641
GE_RDH13,-0.164892938,1.837733293
GE_MPP7,-0.164829294,1.837283957
GE_STK17A,0.164842094,1.837283957
GE_FER,0.16455696,1.828293509
GE_SEMA4A,-0.164522633,1.827974741
GE_CASZ1,-0.164440721,1.827556539
GE_UBAC2,-0.164427375,1.827556539
GE_SPINT2,-0.16446205,1.827556539
GE_CD320,0.164409358,1.827556539
GE_ITGAL,-0.164249617,1.823588128
GE_PI4K2A,0.164257146,1.823588128
GE_JMJD6,0.164132585,1.821990274
GE_SRR,0.164130069,1.821990274
GE_ASCL4,-0.164156008,1.821990274
GE_MUCL1,-0.164016348,1.818772492
GE_RASD1,-0.163880357,1.815010012
GE_MITD1,0.163852575,1.815010012
GE_C2orf72,-0.163837588,1.815010012
GE_ACY3,-0.163746532,1.812612902
GE_BAG2,0.163574244,1.807273852
GE_DEPTOR,-0.163525007,1.80676153
GE_AXL,0.163510414,1.80676153
GE_CD44,0.163342483,1.801947967
GE_SGK1,0.163298898,1.801947967
GE_KBTBD7,-0.163310589,1.801947967
GE_MARCHF4,0.163278504,1.801947967
GE_TTC1,0.163141771,1.797896683
GE_BFAR,0.163106371,1.79750552
GE_N4BP3,-0.163027547,1.795545271
GE_PKP3,-0.162997947,1.795360599
GE_TCEAL4,0.162968763,1.795189315
GE_CD24,-0.16294101,1.795068058
GE_PLBD2,0.162840926,1.793213266
GE_MIS12,0.162847949,1.793213266
GE_TMEM184A,-0.162788904,1.792212628
GE_MCFD2,0.162732454,1.791051235
GE_USP13,0.162618439,1.789552711
GE_SEC22C,0.162634687,1.789552711
GE_LARP6,0.162649643,1.789552711
GE_ADPRM,0.162586622,1.789273127
GE_PGK2,-0.162392044,1.783136068
GE_DARS1,0.162089474,1.773127099
GE_TIGAR,0.161944438,1.768783422
GE_GSE1,-0.16150709,1.756513222
GE_RBM47,-0.161539218,1.756513222
GE_CRTAP,0.161506282,1.756513222
GE_MXRA7,0.161513541,1.756513222
GE_MB,-0.161337346,1.751324233
GE_EPHA1,-0.161170706,1.746221433
GE_YWHAE,0.161142521,1.746064094
GE_GP9,-0.161110513,1.74576878
GE_DTX4,-0.161017863,1.743308074
GE_MUC1,-0.16083216,1.737530182
GE_ARHGAP32,-0.160665101,1.734939233
GE_CIB3,-0.160678389,1.734939233
GE_F5,-0.160666067,1.734939233
GE_C17orf113,-0.160731304,1.734939233
GE_ITGB7,-0.160486995,1.730157452
GE_MYO6,-0.160483793,1.730157452
GE_MACF1,0.1604,1.729459976
GE_GDF11,0.16041693,1.729459976
GE_DNAJB4,0.160394053,1.729459976
GE_ERBB3,-0.160270597,1.728252402
GE_CORO2B,0.160334866,1.728252402
GE_MAP3K12,0.16030874,1.728252402
GE_CLDN3,-0.160267135,1.728252402
GE_PGAM1,0.160130301,1.724215272
GE_HADH,-0.160035049,1.721655416
GE_PLSCR3,0.159849921,1.715910064
GE_BLNK,-0.15977373,1.714027775
GE_KXD1,0.159734091,1.713439431
GE_ALDH3A1,-0.159648298,1.711663279
GE_PTTG1,0.159637979,1.711663279
GE_KIAA1522,-0.159314255,1.701836729
GE_CREG2,-0.159318754,1.701836729
GE_FRMD6,0.159265885,1.70174266
GE_TIMM22,0.159280824,1.70174266
GE_FBXO17,0.159199778,1.700213395
GE_RANGRF,0.159084845,1.697762736
GE_MOB3A,0.159085784,1.697762736
GE_WNK2,-0.159025879,1.697282402
GE_SOWAHB,-0.159038823,1.697282402
GE_ELMO3,-0.158806863,1.690360687
GE_PRSS22,-0.158763394,1.689625932
GE_ACTR1A,0.158699922,1.688185931
GE_MAMLD1,0.158539966,1.683351215
GE_CRK,0.158485156,1.682215753
GE_NIPAL2,-0.158427173,1.680967936
GE_OVGP1,-0.158394102,1.680594669
GE_CMTM4,-0.158302802,1.678174927
GE_BTNL8,-0.158180683,1.674673761
GE_STX8,0.158155957,1.674590749
GE_PSAPL1,-0.1580544,1.671811467
GE_TM9SF2,-0.157981258,1.670809276
GE_PYM1,-0.157993711,1.670809276
GE_WRAP53,0.157916636,1.66932348
GE_KCNK5,-0.15770558,1.662710293
GE_DOP1B,-0.157618861,1.660452395
GE_SDCBP,0.157572286,1.659598321
GE_RHBG,-0.157494676,1.657658436
GE_C8orf58,0.157406113,1.655335725
GE_RPF1,0.15734803,1.654077647
GE_SENP3,0.157252176,1.652268383
GE_TRIM31,-0.157271362,1.652268383
GE_BTN2A2,0.157222904,1.652013418
GE_RHOV,-0.157076819,1.647775375
GE_PSD4,-0.157013848,1.647775375
GE_MYRFL,-0.157049935,1.647775375
GE_CEACAM3,-0.157026745,1.647775375
GE_UBA5,0.156912071,1.64498895
GE_AMZ2,0.156837102,1.64313667
GE_HOOK2,-0.156733419,1.641341683
GE_CACFD1,-0.156720376,1.641341683
GE_FAM110C,-0.156758342,1.641341683
GE_DMRT3,-0.1566981,1.641319978
GE_WWTR1,0.156538397,1.637234706
GE_RASAL1,-0.156537402,1.637234706
GE_ABHD18,-0.156444164,1.634744332
GE_WDR81,0.156418249,1.634592304
GE_IL17RB,-0.156378296,1.634168499
GE_SUDS3,-0.156363069,1.634168499
GE_OSBPL7,-0.156273795,1.634039129
GE_ENO1,0.156305961,1.634039129
GE_BAG3,0.156327256,1.634039129
GE_HCAR1,-0.156292975,1.634039129
GE_ZZZ3,0.156132371,1.63208273
GE_EXPH5,-0.156149041,1.63208273
GE_FOSL1,0.156135595,1.63208273
GE_FJX1,0.15618689,1.63208273
GE_CDK7,0.156048821,1.631206229
GE_ASAP1,0.156063922,1.631206229
GE_CYB5D1,0.156043652,1.631206229
GE_LRRC1,-0.15590856,1.627256872
GE_KIF3C,0.155840922,1.626372528
GE_TMEM241,-0.155857008,1.626372528
GE_FMNL3,0.155804922,1.625853387
GE_C1orf52,0.155689766,1.622595161
GE_ERMP1,-0.155609282,1.621237215
GE_PTPN14,0.155608621,1.621237215
GE_CNKSR1,-0.155453778,1.617330043
GE_JTB,-0.155464085,1.617330043
GE_EPPK1,-0.155336055,1.613985501
GE_DNAJB5,0.155202115,1.610083331
GE_CCDC120,-0.155124661,1.608846358
GE_FBP1,-0.155143677,1.608846358
GE_TUBB6,0.155084439,1.608357564
GE_LRRC3C,-0.155069024,1.608357564
GE_SLC15A1,-0.155016701,1.607267529
GE_TEAD1,0.154979352,1.606692519
GE_CDC27,0.15487221,1.605837818
GE_PIK3C3,0.154884786,1.605837818
GE_TMED5,0.15488516,1.605837818
GE_SNTN,-0.154930297,1.605837818
GE_IFFO1,0.154822774,1.605388838
GE_BBX,0.15477733,1.605388838
GE_KCNC3,-0.154792647,1.605388838
GE_UBLCP1,0.154806866,1.605388838
GE_DENND2D,-0.154659202,1.60202807
GE_AC008397.1,-0.154565102,1.599494372
GE_KCTD7,0.15448086,1.59729988
GE_MPZL2,-0.154419165,1.596491291
GE_AQP7,-0.154416695,1.596491291
GE_MPZL3,-0.154300024,1.593183564
GE_ABO,-0.154253575,1.592284952
GE_KRTAP5.2,-0.154193906,1.590932455
GE_IKZF2,-0.154023486,1.585785895
GE_GATA3,-0.153859618,1.582801527
GE_EIF5A,0.153912038,1.582801527
GE_RASSF6,-0.153855725,1.582801527
GE_TACSTD2,-0.153895736,1.582801527
GE_ARFGEF3,-0.153693763,1.578635861
GE_ESX1,-0.153703443,1.578635861
GE_ICA1,-0.153586375,1.575987341
GE_ABLIM1,-0.15355622,1.575987341
GE_CYP39A1,-0.153557654,1.575987341
GE_RAB11FIP1,-0.153459889,1.573380029
GE_DHX33,0.153282343,1.569059249
GE_FGD3,-0.153273483,1.569059249
GE_NET1,-0.153298762,1.569059249
GE_ADAP1,-0.153240679,1.56861806
GE_TSR1,0.153171374,1.566932333
GE_HAUS6,0.153056105,1.563681462
GE_FAM83F,-0.152886704,1.558590845
GE_ARHGEF40,0.152859806,1.558348876
GE_GJD3,-0.152836455,1.558226613
GE_GGT6,-0.152744007,1.555754901
GE_IL17RE,-0.152599729,1.551523808
GE_TUBGCP3,-0.152550152,1.550993879
GE_KRTCAP3,-0.152544755,1.550993879
GE_SHOX2,0.152512764,1.55057477
GE_RGS20,0.152415075,1.548482769
GE_RIN1,0.152411889,1.548482769
GE_CCDC182,-0.152311766,1.547075789
GE_MACC1,-0.152321875,1.547075789
GE_FYB2,-0.152349538,1.547075789
GE_PTPRU,-0.152189525,1.54359457
GE_GALNT12,-0.1521152,1.543053344
GE_ABL2,0.152133993,1.543053344
GE_BNC2,0.152119395,1.543053344
GE_SRGAP2C,0.152029283,1.540801967
GE_LDLRAD1,-0.151997294,1.54037521
GE_GPRC5C,-0.151973943,1.540239854
GE_GNB5,0.151936952,1.53964232
GE_CXCL17,-0.151906012,1.539248681
GE_C1orf216,0.151713369,1.53339046
GE_FGFR3,-0.151665669,1.532430369
GE_CRISP3,-0.15160017,1.530869054
GE_MAPK13,-0.151517038,1.52921528
GE_PRRT1B,-0.151512733,1.52921528
GE_KDSR,0.151333923,1.523833712
GE_GRK2,-0.151303149,1.523442676
GE_RALGAPA2,-0.151185193,1.52011508
GE_RECK,0.151088926,1.517519047
GE_ADGRF1,-0.150846791,1.510021162
GE_BNIP3L,0.150759562,1.508738693
GE_MINPP1,0.15075135,1.508738693
GE_B3GNT3,-0.150773608,1.508738693
GE_TTC22,-0.150626125,1.505306216
GE_SLC2A10,-0.150611021,1.505306216
GE_CYP4F3,-0.150562563,1.504318019
GE_STRN4,-0.150416308,1.500051326
GE_SERPINE1,0.150339571,1.49817548
GE_C8orf76,-0.150322405,1.49817548
GE_STXBP1,0.150272631,1.497142358
GE_EVX1,-0.150244991,1.496849677
GE_CLDND1,0.150186798,1.495533759
GE_UPP1,0.150128781,1.494223489
GE_SYTL1,-0.150090332,1.493567355
GE_ANTXR1,0.149949907,1.489502115
GE_ACOT4,-0.149867504,1.487377416
GE_FAM110A,-0.149816302,1.486294781
GE_ZKSCAN5,0.149634031,1.480838864
GE_CISD3,-0.149614667,1.480818436
GE_SPARC,0.149494698,1.478625274
GE_EID2B,0.149506265,1.478625274
GE_HEATR4,-0.149492756,1.478625274
GE_DNAH3,-0.14939532,1.476001255
GE_TRPM4,-0.149363325,1.475556713
GE_TLCD5,0.149312815,1.474495185
GE_CTSA,0.149226885,1.47365962
GE_F11R,-0.149246346,1.47365962
GE_CHRNB1,0.149213441,1.47365962
GE_PFAS,0.149262532,1.47365962
GE_GOLT1B,0.149124828,1.4716247
GE_BNIP5,-0.149115254,1.4716247
GE_PRUNE1,-0.149084849,1.471227805
GE_ZNF710,-0.149011882,1.469415948
GE_KLF5,-0.148934403,1.467454494
GE_CALML5,-0.14883641,1.464812508
GE_AKIP1,0.148762319,1.462964479
GE_ACAP1,0.148549844,1.457157077
GE_ARHGEF10L,-0.148493762,1.457157077
GE_SYNGR2,-0.148508515,1.457157077
GE_ILDR1,-0.148477151,1.457157077
GE_DHRS13,-0.148551164,1.457157077
GE_TAF9,0.148526363,1.457157077
GE_WDR54,0.148448599,1.456816055
GE_M6PR,0.148425401,1.45665164
GE_ARL2,0.148357057,1.454992299
GE_SLC2A3,0.148279849,1.453039909
GE_SMIM14,-0.148237032,1.452250392
GE_SIRPA,0.148219647,1.452250392
GE_POLR1E,0.148170231,1.451216173
GE_FHL3,0.148124248,1.450295076
GE_LSR,-0.148083752,1.449554864
GE_RASSF8,0.148049754,1.449028767
GE_CLDN8,-0.148027371,1.449004881
GE_HARS1,0.147994949,1.449004881
GE_TPRN,-0.148000709,1.449004881
GE_ADH5,0.147940905,1.447814444
GE_PIP5K1B,-0.147916382,1.447597941
GE_SMURF2,0.147891667,1.447374422
GE_LIPA,0.147849295,1.446567706
GE_UPK3A,-0.147790045,1.445203949
GE_GADD45G,-0.147691239,1.442625344
GE_GGACT,-0.147676073,1.442625344
GE_ARHGAP31,0.14761371,1.44115869
GE_GTF2B,0.147501367,1.4389393
GE_PTX3,0.14747953,1.4389393
GE_KCNE5,0.147527867,1.4389393
GE_EVPLL,-0.147475109,1.4389393
GE_H3C13,-0.147455849,1.438889536
GE_TRAPPC6A,-0.147415121,1.438510681
GE_TRMT1,0.147389932,1.438510681
GE_ITGA5,0.147370147,1.438510681
GE_FAM241A,-0.147355916,1.438510681
GE_FADS3,0.147375225,1.438510681
GE_NRSN2,0.147319046,1.437877622
GE_TMPRSS3,-0.147185817,1.434077271
GE_LRRC8D,0.147144047,1.433282998
GE_ITGB6,-0.147028317,1.430344498
GE_SCEL,-0.14701942,1.430344498
GE_BUB1,0.146942212,1.42838661
GE_ENTPD2,-0.146849751,1.426503166
GE_KDM4D,0.146860476,1.426503166
GE_NOSTRIN,-0.146627173,1.419783767
GE_PROM2,-0.146609014,1.419761803
GE_TMC5,-0.146585604,1.419567255
GE_CHDH,-0.146536557,1.418650519
GE_ARHGAP27,-0.14650531,1.418650519
GE_IFI16,0.146520158,1.418650519
GE_PTBP2,0.146439593,1.417637762
GE_RIPPLY3,-0.146449821,1.417637762
GE_WDR19,0.146272407,1.412740194
GE_GNG5,0.146218039,1.411530832
GE_TP53I11,-0.146058963,1.406903854
GE_POU2F3,-0.146033165,1.406627309
GE_DNAJB6,0.145831266,1.400609368
GE_GNA12,0.145791965,1.399892671
GE_ETV5,0.145664288,1.396298304
GE_FUT1,-0.145523193,1.392270125
GE_TTC23,0.14540156,1.388990649
GE_KRTAP5.8,-0.145387782,1.388990649
GE_AKAP1,-0.145265981,1.385594536
GE_CCL2,0.145226473,1.384871248
GE_HMGA2,0.145207286,1.384807068
GE_TMEM39B,0.145113607,1.382325329
GE_HSPBAP1,0.145088172,1.382057496
GE_GPRASP2,0.145063043,1.381799013
GE_DCUN1D2,-0.145036279,1.381486927
GE_PPM1M,0.144901948,1.377688503
GE_PJA2,0.144783454,1.37440566
GE_GSDME,0.14475312,1.373977386
GE_SCGB2A1,-0.144726748,1.373676819
GE_PDLIM2,0.144671608,1.37345734
GE_SLPI,-0.144668827,1.37345734
GE_RIIAD1,-0.144671926,1.37345734
GE_UNC93B1,-0.144581555,1.372907979
GE_KLHL8,-0.144566999,1.372907979
GE_ROBO3,0.14461714,1.372907979
GE_HR,-0.144627157,1.372907979
GE_TSTD1,-0.144584763,1.372907979
GE_ELL3,-0.144489298,1.37094333
GE_TMEM210,-0.144367587,1.36755808
GE_FRMD4A,0.144320325,1.366577616
GE_C19orf73,-0.144124513,1.361349536
GE_C8orf88,0.144124904,1.361349536
GE_DEGS1,0.14410081,1.361128653
GE_GPR26,-0.144056244,1.360234866
GE_SOAT1,0.143914878,1.359918056
GE_SNAPC2,0.143997871,1.359918056
GE_RPP30,0.14394478,1.359918056
GE_CHMP4C,-0.143963782,1.359918056
GE_ANO9,-0.14393239,1.359918056
GE_ARRDC1,-0.144004397,1.359918056
GE_CCDC160,-0.143912413,1.359918056
GE_H2BC8,-0.14398496,1.359918056
GE_CCNG1,0.143788757,1.356474908
GE_FLNC,0.143739723,1.355968665
GE_STRBP,-0.143743567,1.355968665
GE_DHRS12,-0.143692541,1.355609466
GE_TPD52L1,-0.143678743,1.355609466
GE_STARD9,0.143695868,1.355609466
GE_SLC4A7,0.143610546,1.354402123
GE_HPX,-0.143608063,1.354402123
GE_PLOD3,0.143571301,1.353752188
GE_TRIM23,0.143465741,1.351951781
GE_TRPC1,0.143488353,1.351951781
GE_HDAC3,0.143481064,1.351951781
GE_CYB561,-0.143445198,1.351820938
GE_PSIP1,0.143408506,1.351171222
GE_SEMA4D,-0.14338072,1.350806879
GE_ULK4,0.143334317,1.349844808
GE_EHF,-0.143305411,1.349674372
GE_ELF5,-0.14329622,1.349674372
GE_ERLIN1,0.143231996,1.348139835
GE_MAPK12,0.143099411,1.344415235
GE_PSCA,-0.14306193,1.344255003
GE_CTSE,-0.143061735,1.344255003
GE_FOXP4,-0.143020893,1.34346953
GE_GLB1L,0.142842648,1.338287563
GE_EVC,0.142772197,1.336771242
GE_GSDMB,-0.142747995,1.336771242
GE_DSP,-0.142746387,1.336771242
GE_C1QBP,0.142684006,1.335815547
GE_CFAP92,-0.142699994,1.335815547
GE_ZNF644,0.142620113,1.33429259
GE_CCDC50,0.142539762,1.332244434
GE_LRRC31,-0.142489739,1.332196226
GE_SERPINB8,0.142510082,1.332196226
GE_RNF103.CHMP3,-0.142502209,1.332196226
GE_NAA38,0.14245861,1.331717858
GE_RAB19,-0.142307931,1.327427119
GE_PPFIBP1,0.142260507,1.326429416
GE_CCDC97,-0.142089414,1.321493658
GE_MLNR,-0.142033682,1.320922998
GE_GBE1,0.142023231,1.320922998
GE_RNF139,-0.142040602,1.320922998
GE_VIPR1,-0.141996675,1.32058879
GE_NME2,-0.141950626,1.31963415
GE_ENO2,0.141897004,1.318438573
GE_GNAI2,0.141818227,1.316718418
GE_SEC16A,-0.141794904,1.316718418
GE_SCRIB,-0.141800009,1.316718418
GE_FMNL2,0.141761184,1.316154265
GE_FXR1,0.141711978,1.315097979
GE_ZNRF1,-0.141686102,1.314782272
GE_EVA1A,0.141627775,1.313860171
GE_KRTAP5.1,-0.141625236,1.313860171
GE_LRBA,-0.141486163,1.309952439
GE_MOCS2,0.14146178,1.309682869
GE_ZFP36,-0.141346375,1.30803365
GE_NBEAL2,-0.141350139,1.30803365
GE_CCDC85B,0.141363209,1.30803365
GE_OAF,0.141371854,1.30803365
GE_AASS,0.141304976,1.3072229
GE_SAP25,-0.141112604,1.301633641
GE_AQP3,-0.141081059,1.301135322
GE_MMP14,0.141017411,1.299621555
GE_SPAG7,0.140963064,1.298890793
GE_PFN1,0.140962781,1.298890793
GE_MICB,0.140884889,1.296926847
GE_AMDHD2,0.140824113,1.29550396
GE_COBL,-0.14079877,1.295199829
GE_GMDS,-0.140757662,1.294397631
GE_DSC2,-0.140588308,1.289550016
GE_ADAMTS6,0.140491973,1.287007885
GE_FFAR2,-0.140455412,1.286843008
GE_CNNM4,-0.140469994,1.286843008
GE_AURKB,0.140411721,1.286451594
GE_RALYL,-0.140426942,1.286451594
GE_ABHD17C,-0.140389022,1.286228305
GE_RGMB,0.140312998,1.284325915
GE_EBNA1BP2,0.140186998,1.280852122
GE_PHF12,-0.140135398,1.279719505
GE_STK24,-0.140118198,1.27966814
GE_MRPS22,0.140097515,1.279506785
GE_HCFC1R1,0.140009951,1.278218357
GE_ALDH5A1,-0.140030752,1.278218357
GE_PLXNB1,-0.140023959,1.278218357
GE_FAM171A1,0.1399872,1.277990312
GE_ZFP3,-0.139960609,1.277641238
GE_CLIC3,-0.139865803,1.275150325
GE_ACOT6,-0.139762994,1.272409667
GE_TET3,-0.139741014,1.272204747
GE_CPAMD8,-0.139721785,1.272085641
GE_PRNP,0.13965735,1.27191104
GE_SOCS3,0.139670172,1.27191104
GE_MT1X,0.139665851,1.27191104
GE_TMEM150C,-0.139654646,1.27191104
GE_SLC24A3,-0.139544629,1.268945174
GE_KCNAB2,0.139455357,1.267932642
GE_SHROOM3,-0.139479801,1.267932642
GE_PTMS,0.139450989,1.267932642
GE_BHLHA15,-0.139480645,1.267932642
GE_LRRC9,-0.139356051,1.266395858
GE_CEP63,0.139380917,1.266395858
GE_GET3,0.13936643,1.266395858
GE_CNTLN,0.139315289,1.265597827
GE_ACOT7,0.139284585,1.265114093
GE_NOC3L,0.139183754,1.2624381
GE_DOCK4,0.139100557,1.26042598
GE_KTI12,0.139088925,1.26042598
GE_RNPEP,-0.139048008,1.259622668
GE_NUDT14,-0.138985914,1.25815822
GE_PROCR,0.138879043,1.257522977
GE_SDC1,-0.138911614,1.257522977
GE_ATP8A1,-0.138890699,1.257522977
GE_IMPA2,-0.13887414,1.257522977
GE_YIPF5,0.138874614,1.257522977
GE_SPACA5,-0.138939993,1.257522977
GE_JMJD7,-0.138859689,1.257522977
GE_TMEM256,0.138835992,1.257253808
GE_STARD3NL,0.138785399,1.256145828
GE_LRRC40,0.138763424,1.255929657
GE_RNF145,0.138720866,1.25507174
GE_BRI3BP,-0.138673724,1.254070894
GE_MAPKBP1,0.138626919,1.253547203
GE_GALNT6,-0.138631296,1.253547203
GE_CAP2,0.138518015,1.250623529
GE_ETV1,0.138419434,1.24895271
GE_MCF2L,-0.138448674,1.24895271
GE_SULT1A2,-0.138427828,1.24895271
GE_UNC13D,-0.138389415,1.248483528
GE_RABEP1,0.138315996,1.247128392
GE_BTG3,0.138321258,1.247128392
GE_CFAP44,-0.138301047,1.247126608
GE_HTRA2,0.138250116,1.246006519
GE_CALR,0.138226939,1.245748394
GE_COL13A1,0.138176514,1.244643794
GE_SDR42E1,-0.138055893,1.241669858
GE_C12orf56,-0.138051014,1.241669858
GE_NBPF9,0.138018126,1.241109461
GE_SACS,0.138002964,1.24109854
GE_NDEL1,0.137948036,1.2400021
GE_SPDYC,-0.137938024,1.2400021
GE_BICDL1,-0.137857531,1.238422638
GE_TMPRSS2,-0.137871968,1.238422638
GE_KLHDC9,-0.137839171,1.23831068
GE_UGT1A6,-0.137801647,1.237604719
GE_CD99L2,0.137712095,1.236198155
GE_MYB,-0.137729034,1.236198155
GE_KCNMA1,0.137725651,1.236198155
GE_HNF4G,-0.137607915,1.233428736
GE_ZEB2,0.137585696,1.233195477
GE_NRBF2,0.137525274,1.233138361
GE_TK2,0.137538146,1.233138361
GE_NLGN1,0.137538645,1.233138361
GE_CYP2A7,-0.137541243,1.233138361
GE_VPS53,0.137457974,1.231509663
GE_TMCC2,0.137434532,1.231496445
GE_TGIF2.RAB5IF,0.137428359,1.231496445
GE_ZNF652,-0.137352954,1.229617275
GE_SMS,0.137327409,1.229278196
GE_TEAD3,-0.137229131,1.226693714
GE_TULP3,0.137170666,1.225338714
GE_CALD1,0.137126234,1.224959923
GE_PHLDB2,0.137132854,1.224959923
GE_COL6A5,-0.137114814,1.224959923
GE_HGD,-0.137068223,1.224532834
GE_EFNA1,-0.137049284,1.224532834
GE_MALT1,0.137051108,1.224532834
GE_KLHDC7A,-0.137043051,1.224532834
GE_DQX1,-0.137019382,1.224494323
GE_ALKAL1,-0.137012926,1.224494323
GE_SLC7A13,-0.136990861,1.224258703
GE_SAT2,0.136948415,1.22414893
GE_SEPTIN10,0.136937143,1.22414893
GE_MIER1,0.136929758,1.22414893
GE_FAM221B,-0.136930283,1.22414893
GE_MAP1B,0.136860056,1.222444585
GE_AKR1C2,-0.136819129,1.221626317
GE_PRPF8,0.136743785,1.219878313
GE_NOXA1,-0.136733662,1.219878313
GE_ACSF2,-0.136678501,1.218622003
GE_GJE1,-0.136527295,1.214414354
GE_KCNQ1,-0.136473869,1.214358145
GE_KCNK1,-0.136507511,1.214358145
GE_EPHX1,-0.136493521,1.214358145
GE_FBXO46,-0.136468335,1.214358145
GE_MELTF,0.136446717,1.214278153
GE_RAB6D,-0.136437243,1.214278153
GE_KLHL7,0.136347229,1.211951958
GE_C20orf202,-0.136331672,1.211910889
GE_HOOK1,-0.136297058,1.211720182
GE_STX19,-0.136304617,1.211720182
GE_POLK,0.136241523,1.210451906
GE_IL6ST,0.136159515,1.208372367
GE_ALOX5,-0.136087174,1.207874047
GE_MAP4,0.136082963,1.207874047
GE_DLG4,0.136077311,1.207874047
GE_EXTL2,0.13612546,1.207874047
GE_SPIRE2,-0.136072554,1.207874047
GE_GPR176,0.135994469,1.205914792
GE_KCTD3,-0.135965475,1.205458712
GE_SULT1A4,-0.135870068,1.202970336
GE_GPS2,0.135794196,1.201080607
GE_TNNT2,-0.135721046,1.19970452
GE_GCH1,-0.135727405,1.19970452
GE_LRIT3,-0.135691456,1.19922969
GE_SH2D3A,-0.135614355,1.197731907
GE_C18orf54,0.135626163,1.197731907
GE_DR1,0.135592362,1.197488373
GE_EGFL6,-0.135557597,1.196854626
GE_ATP9A,-0.135473726,1.194722109
GE_ZMYM2,-0.135447486,1.19434838
GE_LRP12,0.135404812,1.193473122
GE_PRKCH,-0.135372766,1.192921879
GE_GJC1,0.135325516,1.191906943
GE_RARS1,0.135161961,1.191156976
GE_P4HA1,0.135282273,1.191156976
GE_SNX21,0.135172565,1.191156976
GE_SUCLA2,-0.135235164,1.191156976
GE_PGAP2,-0.135197058,1.191156976
GE_TDRD5,-0.135256798,1.191156976
GE_C1orf115,-0.135165857,1.191156976
GE_FUT3,-0.135204046,1.191156976
GE_KIF13B,-0.135169637,1.191156976
GE_RUSC2,0.135161988,1.191156976
GE_IGF2BP2,0.135074498,1.191014574
GE_IFI27L2,0.135134386,1.191014574
GE_ESPN,-0.13509192,1.191014574
GE_HSH2D,-0.135099599,1.191014574
GE_CNGA1,-0.135079107,1.191014574
GE_MAP3K3,0.135125376,1.191014574
GE_THEM6,-0.134963658,1.188061249
GE_IL17D,-0.134936818,1.187663303
GE_RABGAP1L,-0.134856158,1.185892832
GE_VPS37C,-0.134851097,1.185892832
GE_ARHGAP44,-0.134835873,1.185847228
GE_RAB3D,-0.134762647,1.184479303
GE_NPHP3,0.134708737,1.184479303
GE_BMT2,0.13476773,1.184479303
GE_LUZP1,0.13473373,1.184479303
GE_PRR5,-0.134722683,1.184479303
GE_PAX9,-0.134712543,1.184479303
GE_GGPS1,-0.134679879,1.184017453
GE_EIF3G,0.134648976,1.183906734
GE_MYBBP1A,0.134658192,1.183906734
GE_EPS8L2,-0.134630844,1.183769527
GE_TOMM34,0.134587639,1.182871312
GE_CALU,0.134567068,1.182659546
GE_AOC1,-0.134475222,1.180286327
GE_TXNDC15,0.134317781,1.175927606
GE_SCO1,0.134250041,1.174854673
GE_EIF3M,0.134267637,1.174854673
GE_ADSL,0.134241647,1.174854673
GE_PRRG4,-0.134219985,1.174608962
GE_TP53,0.134187654,1.174040138
GE_RUSC1,-0.134169122,1.17388858
GE_HPS5,0.134087899,1.172055486
GE_PBX1,-0.134081497,1.172055486
GE_SSH3,-0.13404091,1.171236453
GE_SLC9A3,-0.133835546,1.168221959
GE_PRODH,-0.133806731,1.168221959
GE_DOCK7,0.133868228,1.168221959
GE_SGSM1,-0.133839461,1.168221959
GE_TLCD3A,0.133887999,1.168221959
GE_H2BC21,-0.13380682,1.168221959
GE_DNER,0.133897111,1.168221959
GE_TOPORS,0.133821765,1.168221959
GE_OCLN,-0.133903658,1.168221959
GE_SYS1,0.133870009,1.168221959
GE_RPL22L1,0.133785162,1.16797483
GE_PELO,0.13376249,1.167694121
GE_DUSP8,-0.133732631,1.167196345
GE_MSRB3,0.133533773,1.161603981
GE_CA13,-0.133486564,1.160584211
GE_OAZ2,0.133457282,1.16047959
GE_IFIT1,0.13345641,1.16047959
GE_ANTXRL,-0.1333701,1.158282515
GE_RNF167,0.133257343,1.155565536
GE_VMA21,0.133253151,1.155565536
GE_FCSK,-0.133235851,1.155445403
GE_CCDC82,0.133203688,1.154878112
GE_H2BC18,-0.133171901,1.154720959
GE_ZNF888,-0.13317798,1.154720959
GE_ROBO4,0.13315047,1.154475491
GE_TTL,0.133117594,1.153885853
GE_VAPB,-0.133064023,1.153192098
GE_C5AR2,-0.133060744,1.153192098
GE_EFEMP2,0.133054799,1.153192098
GE_ABCA12,-0.133011155,1.152278314
GE_TMEM270,-0.132985032,1.151890489
GE_MGAT4A,-0.13293456,1.150771682
GE_HMGN4,0.132886839,1.150130903
GE_H3C15,-0.132891303,1.150130903
GE_RTCA,0.132860475,1.149752796
GE_DMBX1,-0.13284791,1.149752796
GE_CD83,0.132824952,1.149458556
GE_FZD2,0.132738014,1.147246137
GE_MLXIPL,-0.132698163,1.146445497
GE_ANXA5,0.132666315,1.14588456
GE_PTCD2,0.132584195,1.145449051
GE_ICAM1,0.132614429,1.145449051
GE_ARMCX1,0.13258369,1.145449051
GE_LMTK3,-0.132635467,1.145449051
GE_R3HCC1L,0.132590257,1.145449051
GE_UPF3A,-0.132573242,1.145449051
GE_CPOX,0.132498977,1.144787072
GE_XRCC4,0.132517701,1.144787072
GE_DPH3,0.132506399,1.144787072
GE_ERICH2,-0.132516327,1.144787072
GE_TMEM200B,0.132448276,1.14365951
GE_DSCC1,-0.13240456,1.142740976
GE_MYO1D,-0.132337858,1.141135338
GE_LRRC49,0.132323631,1.141098348
GE_TMEM144,-0.132279323,1.140162178
GE_SLC41A1,0.132188742,1.138231258
GE_GPRIN2,-0.132192614,1.138231258
GE_HOMER3,0.132169267,1.138184852
GE_SRGAP2B,0.132161285,1.138184852
GE_KRT78,-0.131977024,1.13307297
GE_PPL,-0.131961898,1.133007783
GE_THAP3,0.131908899,1.132198462
GE_IGF2BP3,0.131919264,1.132198462
GE_GOLGA6D,-0.131862656,1.131589666
GE_SPATA13,-0.131874932,1.131589666
GE_CCDC57,-0.131843765,1.13141094
GE_TMEM263,0.131764002,1.129917076
GE_SULT1B1,-0.131763205,1.129917076
GE_TLR5,-0.131754986,1.129917076
GE_TRIO,0.131702611,1.129505188
GE_GNPDA1,0.131724028,1.129505188
GE_FUT2,-0.131705625,1.129505188
GE_SSX2IP,0.131671167,1.129332585
GE_NOP9,-0.13167528,1.129332585
GE_INTS13,0.131648651,1.129285902
GE_H2AC8,-0.131643994,1.129285902
GE_ACTN1,0.131604641,1.128906449
GE_NDUFS4,0.131610136,1.128906449
GE_H2BU1,-0.131592907,1.128906449
GE_TSC22D3,-0.131572037,1.128665181
GE_VILL,-0.131509301,1.127178861
GE_USP4,0.131441955,1.126690471
GE_HTRA1,0.131444385,1.126690471
GE_RESF1,-0.131454435,1.126690471
GE_STAP2,-0.131463732,1.126690471
GE_COP1,-0.131415878,1.126579966
GE_AP1G2,-0.131412838,1.126579966
GE_RPS8,0.131350772,1.126008613
GE_SNX20,-0.131342921,1.126008613
GE_CCDC125,-0.13134765,1.126008613
GE_LEPROT,0.131378353,1.126008613
GE_USP33,0.131273542,1.124542099
GE_MRPL28,0.131268237,1.124542099
GE_CBL,0.131210877,1.123214821
GE_PATJ,-0.13118262,1.123125309
GE_PHB2,0.131192892,1.123125309
GE_CUTA,0.131075763,1.12035244
GE_H3C8,-0.131063899,1.12035244
GE_GLIPR1,0.131037063,1.119978557
GE_NPM1,0.131026105,1.119978557
GE_C17orf49,0.131004303,1.119705171
GE_FAM118B,0.130924563,1.118087485
GE_OVCA2,0.130925567,1.118087485
GE_FNIP1,0.13089645,1.117626704
GE_ACOT11,-0.130862829,1.117002712
GE_MCAM,0.130834431,1.116533211
GE_DDI2,-0.130753743,1.114516578
GE_TUBA1A,0.130684721,1.1128458
GE_PCDHA13,-0.130629837,1.111593496
GE_IPCEF1,-0.130591719,1.111033433
GE_NEGR1,0.13058587,1.111033433
GE_TPP1,0.130571226,1.110969919
GE_ME1,-0.13053983,1.1108496
GE_HDAC11,-0.130529727,1.1108496
GE_NEK5,-0.13055205,1.1108496
GE_IFITM3,0.130429952,1.108271565
GE_TSHZ3,0.130385148,1.107316901
GE_DBN1,0.130324822,1.105921816
GE_VTCN1,-0.130312968,1.105921816
GE_UGCG,0.130296367,1.105798877
GE_CPLX1,-0.130271519,1.105432529
GE_FAM214A,-0.130253742,1.105274437
GE_THG1L,0.130232551,1.105232308
GE_KMT5C,-0.130227511,1.105232308
GE_CSGALNACT2,0.130101122,1.101873531
GE_GCLC,-0.130014091,1.099675885
GE_SEPTIN7,0.129999095,1.099599025
GE_ELOF1,0.129944776,1.098364833
GE_TNFSF15,-0.129911654,1.097754337
GE_GFPT2,0.129882387,1.097581006
GE_SREK1IP1,0.129881047,1.097581006
GE_ENPP5,-0.129845064,1.097026199
GE_EPHB3,-0.129825174,1.097026199
GE_NRARP,-0.129827437,1.097026199
GE_NPNT,-0.129801877,1.096703473
GE_MST1R,-0.12976802,1.09634963
GE_CRACDL,-0.129765229,1.09634963
GE_GNAI1,0.129750055,1.096264922
GE_CTTNBP2NL,0.129656288,1.093959528
GE_POC5,0.129647005,1.093959528
GE_WASHC2A,0.129583451,1.093051387
GE_ALG5,-0.129579282,1.093051387
GE_TMEM216,-0.129598912,1.093051387
GE_ASCL2,-0.129483265,1.090593667
GE_NCKAP5L,0.129442776,1.08976537
GE_ZSWIM4,0.129412352,1.089232138
GE_CNRIP1,0.129396252,1.089118665
GE_MAD1L1,0.129382035,1.089060126
GE_STARD8,0.129330047,1.088252068
GE_AMY2B,-0.129339518,1.088252068
GE_ABCC3,-0.12931382,1.088133954
GE_UGT1A3,-0.129288944,1.087762234
GE_APOBEC1,-0.129259265,1.087249691
GE_CAB39L,-0.129229513,1.086734863
GE_DHTKD1,-0.129182535,1.085715689
GE_IVL,-0.129095193,1.083515686
GE_SNAPC1,0.129082758,1.083507476
GE_CTNNAL1,0.129069516,1.083475402
GE_PTPN3,-0.129055246,1.083412988
GE_DPP9,0.128998327,1.082628745
GE_NDUFB9,-0.129010444,1.082628745
GE_SLC26A2,0.128992065,1.082628745
GE_ANKRD33B,0.128958034,1.081987806
GE_MPHOSPH9,0.128790073,1.077788365
GE_L3HYPDH,0.128796393,1.077788365
GE_GRAMD4,-0.128764025,1.077733572
GE_SF3A3,0.128765098,1.077733572
GE_UBXN1,0.128741829,1.077438117
GE_DNAJA1,0.128643444,1.077237479
GE_PROSER1,-0.128698029,1.077237479
GE_PSMB2,0.128640084,1.077237479
GE_ARHGAP17,0.128667433,1.077237479
GE_ZNF750,-0.128715266,1.077237479
GE_CETN3,0.12865093,1.077237479
GE_C15orf39,-0.128638679,1.077237479
GE_KIAA0408,0.128691329,1.077237479
GE_LRRFIP2,0.128601981,1.076517169
GE_SLC26A5,-0.128577807,1.076161903
GE_H4C1,-0.128528422,1.07507172
GE_LAYN,0.128512412,1.074954148
GE_C1orf116,-0.128401017,1.072058061
GE_PAM,0.128380104,1.071797576
GE_LY75,-0.128355695,1.071435131
GE_MRC2,0.128330682,1.071402507
GE_SAP30BP,0.128334515,1.071402507
GE_IL27RA,0.128259564,1.069680486
GE_ZNF816,-0.128204165,1.068416258
GE_PLEKHO2,0.128145297,1.067051503
GE_FAM83H,-0.128071251,1.065246184
GE_CACNG4,-0.128041631,1.065077805
GE_TMEM79,-0.128041903,1.065077805
GE_CEP55,0.128026889,1.064995263
GE_H2AC18,-0.128012802,1.064931508
GE_SSH1,0.127984453,1.064453369
GE_TRAPPC3,0.127918485,1.064062775
GE_CCNJ,0.127931799,1.064062775
GE_RAB8B,0.127924,1.064062775
GE_SMDT1,-0.1279117,1.064062775
GE_CHM,0.127926009,1.064062775
GE_NPHP1,0.127879335,1.063467037
GE_MGST2,-0.127839866,1.063433466
GE_LRP5,-0.127857997,1.063433466
GE_HYI,0.12785306,1.063433466
GE_GUCA2A,-0.127830916,1.063433466
GE_OSBPL6,0.12781707,1.063373955
GE_CEP19,0.127786391,1.062826075
GE_CYLD,0.127757032,1.062316397
GE_FAM3D,-0.12774467,1.0622993
GE_TM2D2,0.127726955,1.062126816
GE_VWA8,-0.127646164,1.060807165
GE_LMAN2L,0.127663738,1.060807165
GE_SYNE4,-0.127647294,1.060807165
GE_FNDC3B,0.127620062,1.060730699
GE_ASPHD1,0.127631003,1.060730699
GE_SLC4A11,-0.127590917,1.06032776
GE_PML,0.127582718,1.06032776
GE_MSANTD3,0.127552108,1.059780364
GE_TTC13,-0.127511839,1.058953316
GE_CBLC,-0.127401545,1.056100572
GE_HECTD1,-0.127315414,1.054217142
GE_CEP85L,0.127313026,1.054217142
GE_TOM1L1,-0.127258792,1.05343002
GE_NUDT9,-0.127263868,1.05343002
GE_LRRC69,-0.127250772,1.05343002
GE_RFLNB,0.127239035,1.053427713
GE_TMEM74B,-0.127206414,1.052821929
GE_RRNAD1,-0.127138164,1.051187344
GE_ACO1,0.127096726,1.050327179
GE_GNG12,0.127069525,1.049877916
GE_SLC25A37,0.127022291,1.048850598
GE_DKK3,0.12687716,1.047977782
GE_CCL22,-0.126841801,1.047977782
GE_BTN2A1,0.126853882,1.047977782
GE_CRACR2A,-0.126951628,1.047977782
GE_DOCK6,-0.12684155,1.047977782
GE_COLGALT1,0.126945104,1.047977782
GE_SMPDL3B,-0.126907336,1.047977782
GE_APTX,0.126915089,1.047977782
GE_ZFP36L2,-0.126893331,1.047977782
GE_NDUFAF2,0.126883621,1.047977782
GE_SLU7,0.126962778,1.047977782
GE_DPY19L1,0.126911205,1.047977782
GE_AL162231.1,0.126865027,1.047977782
GE_JAG2,-0.126797315,1.047035384
GE_RAB32,0.126781812,1.046920486
GE_PCGF6,0.126743647,1.046152867
GE_SMARCAL1,0.126719444,1.045787177
GE_HDGF,-0.126625044,1.044062305
GE_MIDN,-0.126645585,1.044062305
GE_ANKRD37,0.126631651,1.044062305
GE_TSPAN4,0.126415361,1.038364144
GE_TRIM11,-0.126382631,1.037753809
GE_RAB4A,-0.126361304,1.037470944
GE_METTL18,-0.126333073,1.036989629
GE_BTN3A3,0.126284969,1.036246282
GE_NOD2,-0.126284259,1.036246282
GE_MAGEA9B,-0.12622782,1.034955246
GE_EFNA3,-0.126141706,1.032813525
GE_WIPI2,0.12610929,1.032540104
GE_SLC29A2,-0.126113529,1.032540104
GE_RFTN1,0.126090941,1.032341721
GE_CD59,0.126056323,1.031747259
GE_MTA1,-0.126047363,1.031747259
GE_REXO2,0.12601523,1.031177682
GE_CDC14C,-0.126004675,1.031177682
GE_DNASE1L2,-0.125986963,1.030996688
GE_NXPE3,0.125946755,1.030231104
GE_GOLT1A,-0.125937464,1.030231104
GE_DNAJC24,0.125880431,1.029527555
GE_SMYD4,0.125897902,1.029527555
GE_CKLF,0.125878789,1.029527555
GE_TFEB,-0.125828727,1.028419751
GE_FLI1,0.125814114,1.028326316
GE_BTF3,0.125799275,1.028226251
GE_KIF2A,0.125718112,1.028181659
GE_STK10,0.125727424,1.028181659
GE_PTPN6,-0.125775684,1.028181659
GE_ACOT9,0.125707261,1.028181659
GE_SAMD10,-0.125756446,1.028181659
GE_RNF111,0.125720102,1.028181659
GE_ATL3,0.12576775,1.028181659
GE_DUXB,-0.125730266,1.028181659
GE_IRX5,-0.125669547,1.027425825
GE_CDH4,0.125605308,1.026401094
GE_GPR157,-0.125599904,1.026401094
GE_LHFPL6,0.12561382,1.026401094
GE_CLIC4,0.125588002,1.026382417
GE_IBSP,-0.125557874,1.025842927
GE_PAK4,-0.12549171,1.024784403
GE_TACC2,-0.125475903,1.024784403
GE_ZCCHC24,0.125502787,1.024784403
GE_DENND11,-0.125481431,1.024784403
GE_SLC66A1,0.125417293,1.024134718
GE_PRLR,-0.125400224,1.024134718
GE_SOX4,-0.125399345,1.024134718
GE_XKRX,-0.12541495,1.024134718
GE_UPK3BL1,-0.125397168,1.024134718
GE_CRIM1,0.125368887,1.023646665
GE_FKBP10,0.12535771,1.023646375
GE_PHLDB1,0.125334964,1.023413748
GE_PLPP1,0.125327242,1.023413748
GE_TXNDC9,0.125281123,1.022416618
GE_TMED7,0.125259654,1.022122201
GE_SMG6,0.12515102,1.019344223
GE_RNF216,0.125081827,1.018007929
GE_FHL1,0.125089488,1.018007929
GE_IL36RN,-0.125020687,1.016584354
GE_PHC2,0.124966222,1.015351142
GE_ANO1,-0.124946247,1.015099175
GE_HBEGF,0.124899639,1.014089694
GE_UBL7,0.124863044,1.013365021
GE_RHPN2,-0.124795502,1.011761011
GE_RINL,-0.124740915,1.010525581
GE_CNPY4,0.124663409,1.008639855
GE_SNPH,0.124629477,1.00799155
GE_FBXW11,0.124606391,1.007650995
GE_ABCC11,-0.124562569,1.007036177
GE_TTBK2,0.124571576,1.007036177
GE_BPIFA2,-0.124520715,1.006162934
GE_C1orf35,-0.12449689,1.005801006
GE_NEXN,0.124441094,1.004845897
GE_TRIM33,-0.124450301,1.004845897
GE_POU6F2,-0.124398682,1.004269718
GE_SDR16C5,-0.124407037,1.004269718
GE_TJP2,-0.124370736,1.003790488
GE_AKAP12,0.124262699,1.001043204
GE_CCDC77,0.124233652,1.000940855
GE_H1.3,-0.124226028,1.000940855
GE_STEAP4,-0.124229808,1.000940855
GE_PPM1A,-0.124190854,1.000609156
GE_DGLUCY,0.124195587,1.000609156
GE_LRRC56,-0.124181314,1.000609156
GE_RNF208,-0.124169855,1.000595729
